feature,lag,corr
nd,0,0.9796734932556755
nd,1,0.9687145628424705
nd,2,0.9397947449030098
nd,3,0.8961070454423548
nd,4,0.841788548540766
nd,5,0.7805396185189062
nd,6,0.7159778393510867
nd,7,0.6508054698935171
nd,8,0.5871898023957195
nd,9,0.5265625158443921
nd,10,0.46998640671519887
nd,11,0.4181264098602164
nd,12,0.3715777917772926
nd,13,0.33079729652835455
nd,14,0.2962377808962178
nd,15,0.2680685615921848
nd,16,0.2458846945921166
nd,17,0.22879774653417267
nd,18,0.21560951696928518
nd,19,0.205189668368744
nd,20,0.19651664985209694
nd,21,0.18895146078232866
nd,22,0.1823142958549349
nd,23,0.1767494472718651
nd,24,0.17254860719089885
nd,25,0.1699654114011263
nd,26,0.16920391698898762
nd,27,0.17034891683164988
nd,28,0.17346786459763963
nd,29,0.17882565910014916
nd,30,0.18699975047097978
nd,31,0.19885791601208444
nd,32,0.21537120822058844
nd,33,0.2374926879820328
nd,34,0.2658557614344515
nd,35,0.30061447550549225
nd,36,0.3413288241943387
nd,37,0.3872542110196328
nd,38,0.43766350598872295
nd,39,0.4917533693131604
nd,40,0.5487688095366122
nd,41,0.6076378931235966
nd,42,0.667074394125791
nd,43,0.7250539698966769
nd,44,0.779219369171034
nd,45,0.8264194431821225
nd,46,0.8634961419526129
nd,47,0.8867968531942058
nd,48,0.8934806484803153
nd,49,0.8818932759443762
nd,50,0.8535688193942352
nd,51,0.8112810068803663
nd,52,0.7588575884154524
nd,53,0.6997212119077818
nd,54,0.6372936863871774
nd,55,0.574167975411276
nd,56,0.5124723923948541
nd,57,0.45363192884443465
nd,58,0.39873354183726223
nd,59,0.34847464294957714
nd,60,0.30341676642651216
nd,61,0.2640089474957254
nd,62,0.23066438348938875
nd,63,0.20351303722693087
nd,64,0.18210450564895395
nd,65,0.16554102183952793
nd,66,0.1526320316215429
nd,67,0.14227613466404535
nd,68,0.1335004380110026
nd,69,0.12572910052122344
nd,70,0.11883754735388401
nd,71,0.11305136564470229
nd,72,0.10871253850181481
nd,73,0.10609509342836543
nd,74,0.10537904027524525
nd,75,0.1065618688074472
nd,76,0.10963248474718307
nd,77,0.11479816154714269
nd,78,0.12260856671364756
nd,79,0.13392404958486878
nd,80,0.14971693877270822
nd,81,0.17095056746186607
nd,82,0.19829228272075766
nd,83,0.23196423363605448
nd,84,0.2715832299606582
nd,85,0.31643688885122284
nd,86,0.3657993691730264
nd,87,0.4188726246500246
nd,88,0.47485973395398273
nd,89,0.5326260072716343
nd,90,0.5908373937283071
nd,91,0.6474381536177616
nd,92,0.7000993250773933
nd,93,0.7457754910190837
nd,94,0.7814963944215083
nd,95,0.8039035642883282
nd,96,0.8104564449860826
nd,97,0.799660148581613
nd,98,0.7729494743685181
nd,99,0.7328895973785775
nd,100,0.6830297743905108
nd,101,0.6265755309626139
nd,102,0.5667779000155305
nd,103,0.5061538791617567
nd,104,0.44682048920053097
nd,105,0.3902143722807395
nd,106,0.33745399767747514
nd,107,0.2892497969134634
nd,108,0.24617364879319725
nd,109,0.2086738753948833
nd,110,0.1771447454502919
nd,111,0.15166476316906383
nd,112,0.13173559353954367
nd,113,0.11643387973977541
nd,114,0.10456941012980973
nd,115,0.09504510027138383
nd,116,0.08693609845835026
nd,117,0.07972164614048777
nd,118,0.07334296632048452
nd,119,0.06807620351674394
nd,120,0.06432531116437215
nd,121,0.06239445630977312
nd,122,0.06244164672373208
nd,123,0.0644399928076008
nd,124,0.06834825378993767
nd,125,0.07434583543674926
nd,126,0.08296598752568471
nd,127,0.09504054687551086
nd,128,0.11152711138708794
nd,129,0.13337891649283098
nd,130,0.16127246928863168
nd,131,0.19544502841383907
nd,132,0.23555248594592573
nd,133,0.28091486720188746
nd,134,0.3307993810845643
nd,135,0.3844135862830962
nd,136,0.44093253599080845
nd,137,0.4992045014808144
nd,138,0.5578821551839998
nd,139,0.6149170301180764
nd,140,0.6679727129140253
nd,141,0.7140114108397801
nd,142,0.7500946311675523
nd,143,0.7729082146201184
nd,144,0.7799627691040456
nd,145,0.7698117216948543
nd,146,0.7438839333794328
nd,147,0.704704159226809
nd,148,0.6557824469604727
nd,149,0.600281973330458
nd,150,0.5414298244083998
nd,151,0.48172965778468185
nd,152,0.42330187809131603
nd,153,0.3675837797962028
nd,154,0.31568025624557405
nd,155,0.26830899942480846
nd,156,0.22604914464463413
nd,157,0.18934841627028823
nd,158,0.1585903382842298
nd,159,0.13384578475708986
nd,160,0.1146032687956507
nd,161,0.09992954734642426
nd,162,0.08862824028426569
nd,163,0.07960072203257716
nd,164,0.07190415695166082
nd,165,0.06499771689077583
nd,166,0.05884332990220993
nd,167,0.05374380303878445
nd,168,0.0501189610324644
nd,169,0.04829590877561233
nd,170,0.04847033183285551
nd,171,0.05062464747834622
nd,172,0.054723704163709995
nd,173,0.06094745098482144
nd,174,0.06981987355934882
nd,175,0.08217598607816472
nd,176,0.09894807903368114
nd,177,0.12108197924610391
nd,178,0.14924974156621684
nd,179,0.18370099958170427
nd,180,0.22407968218528135
nd,181,0.26970441858818883
nd,182,0.31984722567510787
nd,183,0.3737128116984043
nd,184,0.43048764320025323
nd,185,0.48901801495916924
nd,186,0.5479605831020326
nd,187,0.6052694008967145
nd,188,0.6586048609604066
nd,189,0.7049117876253426
nd,190,0.7412478381811582
nd,191,0.7642921066637439
nd,192,0.7715789104545514
nd,193,0.7616825922738514
nd,194,0.7360393434129731
nd,195,0.6971698463014209
nd,196,0.6485808254018858
nd,197,0.5934288639070606
nd,198,0.534946551737135
nd,199,0.47563039299163556
nd,200,0.4175961043439368
nd,201,0.3622720184277312
nd,202,0.31076963831329785
nd,203,0.26380852893711604
nd,204,0.22196551089963987
nd,205,0.18568868716018366
nd,206,0.1553631444950876
nd,207,0.13106104102583963
nd,208,0.11226617959264738
nd,209,0.09803340862792241
nd,210,0.08716062690661833
nd,211,0.07854887496338857
nd,212,0.07124413239705717
nd,213,0.06468445283047249
nd,214,0.05881570771507574
nd,215,0.0539405847652753
nd,216,0.050508496218879664
nd,217,0.04887189332792667
nd,218,0.049247196065218234
nd,219,0.05164737226734292
nd,220,0.05605499325784004
nd,221,0.06266239412310429
nd,222,0.07199190717243784
nd,223,0.08485631400951046
nd,224,0.10217625836114362
nd,225,0.12489300324556532
nd,226,0.15366807178149128
nd,227,0.1887232758347162
nd,228,0.22970509042791848
nd,229,0.2759282463405205
nd,230,0.3266662616432851
nd,231,0.38113060429300294
nd,232,0.4385174236914424
nd,233,0.49767817938832953
nd,234,0.5572634919049547
nd,235,0.6152187134145498
nd,236,0.6692061126643721
nd,237,0.7161433479374458
nd,238,0.7530588726302042
nd,239,0.7766053915020767
nd,240,0.7843011292826167
nd,241,0.7747396059057807
nd,242,0.749402081732143
nd,243,0.7108490389129097
nd,244,0.6626245674873728
nd,245,0.6079168651157826
nd,246,0.5499636384494356
nd,247,0.49127193474281877
nd,248,0.4339404435025458
nd,249,0.379369240056914
nd,250,0.3286465756762062
nd,251,0.2824734652545438
nd,252,0.2414268542750489
nd,253,0.20595215841772613
nd,254,0.17643353712549217
nd,255,0.15295513577897074
nd,256,0.135008285554712
nd,257,0.12166562815326476
nd,258,0.11171907921080587
nd,259,0.10406018019095936
nd,260,0.09771403192459105
nd,261,0.09212338313067618
nd,262,0.0872020363490837
nd,263,0.08322128130230967
nd,264,0.08058166152021368
nd,265,0.07962442328496232
nd,266,0.08058463025460194
nd,267,0.0835334021031699
nd,268,0.08852735658137505
nd,269,0.0957990903289427
nd,270,0.10591661486050956
nd,271,0.11973269533726243
nd,272,0.1381750169105032
nd,273,0.1621620454669081
nd,274,0.19230522245129197
nd,275,0.22877886352429205
nd,276,0.2711998040611384
nd,277,0.3188667862913755
nd,278,0.3710884344258937
nd,279,0.42709688634832343
nd,280,0.48612207392786483
nd,281,0.5470559459867916
nd,282,0.6085647456242904
nd,283,0.6685872982567679
nd,284,0.724737742247526
nd,285,0.7738182928268833
nd,286,0.8126489242620192
nd,287,0.8376105528681608
nd,288,0.8460339345506259
nd,289,0.8364335143589211
nd,290,0.810392983862681
nd,291,0.7707133411364885
nd,292,0.7211995676573291
nd,293,0.6652098485459828
nd,294,0.6060820995839519
nd,295,0.5463368288102048
nd,296,0.4880360331170164
nd,297,0.4325545701263879
nd,298,0.38092844671683174
nd,299,0.33382544289640564
nd,300,0.29182200649072787
nd,301,0.2553830498371354
nd,302,0.22491930332089494
nd,303,0.2005553332792025
nd,304,0.18184277535226823
nd,305,0.1678696969561859
nd,306,0.1574257807492716
nd,307,0.14940142542682797
nd,308,0.14281803218432954
nd,309,0.13710886122972415
nd,310,0.13213250062059703
nd,311,0.1280841691165896
nd,312,0.12529351336748462
nd,313,0.12405590859408246
nd,314,0.12462064570025823
nd,315,0.12710515030580788
nd,316,0.13160867205471805
nd,317,0.1384227918123384
nd,318,0.1481702896512838
nd,319,0.16172614641761054
nd,320,0.18005010661565815
nd,321,0.2040485777750797
nd,322,0.23431486995594386
nd,323,0.27096655350231014
nd,324,0.3135706083120896
nd,325,0.3613969439846873
nd,326,0.41374545849646654
nd,327,0.46984842373363395
nd,328,0.528980491975789
nd,329,0.5900794294453761
nd,330,0.6518589733751996
nd,331,0.712286961082962
nd,332,0.768946649373715
nd,333,0.8185419883566875
nd,334,0.857730273439194
nd,335,0.8826599416952609
nd,336,0.8904323783369529
england_wales_demand,0,0.9792842362370482
england_wales_demand,1,0.968093979945168
england_wales_demand,2,0.938971450791675
england_wales_demand,3,0.8950305707610083
england_wales_demand,4,0.8404093930854842
england_wales_demand,5,0.7788287910145207
england_wales_demand,6,0.7139443828626831
england_wales_demand,7,0.648447775198041
england_wales_demand,8,0.5846074783306913
england_wales_demand,9,0.5238644631764657
england_wales_demand,10,0.46728356250077874
england_wales_demand,11,0.41550382892435556
england_wales_demand,12,0.36908630016645555
england_wales_demand,13,0.32849865154423785
england_wales_demand,14,0.29417187669857053
england_wales_demand,15,0.2663485918645067
england_wales_demand,16,0.24470697744400072
england_wales_demand,17,0.22837876408263227
england_wales_demand,18,0.21615935250607762
england_wales_demand,19,0.20687332541418268
england_wales_demand,20,0.1994242727732802
england_wales_demand,21,0.19310298903724687
england_wales_demand,22,0.18769789773869028
england_wales_demand,23,0.18327711603394078
england_wales_demand,24,0.18008780289066822
england_wales_demand,25,0.1783340451586127
england_wales_demand,26,0.1782204814075582
england_wales_demand,27,0.17983381821107752
england_wales_demand,28,0.18328820451586308
england_wales_demand,29,0.18886367132129792
england_wales_demand,30,0.19711865672775855
england_wales_demand,31,0.20891503920220078
england_wales_demand,32,0.22517832074981375
england_wales_demand,33,0.2468522123377332
england_wales_demand,34,0.27459147264182254
england_wales_demand,35,0.30859453068665027
england_wales_demand,36,0.34842577517589
england_wales_demand,37,0.3934147071156342
england_wales_demand,38,0.442868156329456
england_wales_demand,39,0.49598833788666896
england_wales_demand,40,0.5520288522143969
england_wales_demand,41,0.609960143779585
england_wales_demand,42,0.6685328920612306
england_wales_demand,43,0.7257994850739427
england_wales_demand,44,0.7794344623880823
england_wales_demand,45,0.8262466243030012
england_wales_demand,46,0.8630391844313346
england_wales_demand,47,0.8861544304121237
england_wales_demand,48,0.8927050174422524
england_wales_demand,49,0.8810067904462704
england_wales_demand,50,0.8525475276835778
england_wales_demand,51,0.8101018193223165
england_wales_demand,52,0.7574951066672193
england_wales_demand,53,0.6981651466746519
england_wales_demand,54,0.6355413165228456
england_wales_demand,55,0.5722318959524835
england_wales_demand,56,0.5104244821413181
england_wales_demand,57,0.4515873073169006
england_wales_demand,58,0.39679494776900437
england_wales_demand,59,0.34671231333365277
england_wales_demand,60,0.3018740163196477
england_wales_demand,61,0.2627241311716429
england_wales_demand,62,0.22967242833044207
england_wales_demand,63,0.20291784018143094
england_wales_demand,64,0.1820965300662518
england_wales_demand,65,0.16634961795490133
england_wales_demand,66,0.1544522571646613
england_wales_demand,67,0.14524854681483823
england_wales_demand,68,0.1377341047675507
england_wales_demand,69,0.13125403632062138
england_wales_demand,70,0.12562283472813515
england_wales_demand,71,0.12100711126147784
england_wales_demand,72,0.11770132210532204
england_wales_demand,73,0.11591614971460228
england_wales_demand,74,0.11583113591456522
england_wales_demand,75,0.11747780513126045
england_wales_demand,76,0.1208719136464776
england_wales_demand,77,0.12624368583764034
england_wales_demand,78,0.13411315104367846
england_wales_demand,79,0.1453438546396974
england_wales_demand,80,0.16086928731586483
england_wales_demand,81,0.18163356958424248
england_wales_demand,82,0.20833141690343057
england_wales_demand,83,0.2412290626797745
england_wales_demand,84,0.2799634663897744
england_wales_demand,85,0.3238669631501568
england_wales_demand,86,0.37224425591878907
england_wales_demand,87,0.42431498424643016
england_wales_demand,88,0.4792955859794165
england_wales_demand,89,0.5360930740581715
england_wales_demand,90,0.5934321650451653
england_wales_demand,91,0.6493188567635756
england_wales_demand,92,0.7014385159299017
england_wales_demand,93,0.7467178476010073
england_wales_demand,94,0.7821506758197008
england_wales_demand,95,0.8043633607947945
england_wales_demand,96,0.8107610804366548
england_wales_demand,97,0.7998178215687065
england_wales_demand,98,0.7729313776127253
england_wales_demand,99,0.732689961708154
england_wales_demand,100,0.6826385364283584
england_wales_demand,101,0.6259939504485487
england_wales_demand,102,0.5660042875054112
england_wales_demand,103,0.505206962297523
england_wales_demand,104,0.44577914495088017
england_wales_demand,105,0.3891851352680915
england_wales_demand,106,0.3365355790566723
england_wales_demand,107,0.288504061926711
england_wales_demand,108,0.2456422922613019
england_wales_demand,109,0.2083998897284148
england_wales_demand,110,0.177165891643287
england_wales_demand,111,0.152083101521892
england_wales_demand,112,0.13274309636627152
england_wales_demand,113,0.11825617611336436
england_wales_demand,114,0.10741143938425916
england_wales_demand,115,0.09905713691120396
england_wales_demand,116,0.0922067479141615
england_wales_demand,117,0.08628599599907298
england_wales_demand,118,0.08116320407198477
england_wales_demand,119,0.07707139022808698
england_wales_demand,120,0.07433654841156229
england_wales_demand,121,0.07321719541843272
england_wales_demand,122,0.07388734432429349
england_wales_demand,123,0.07634093589751129
england_wales_demand,124,0.08056455147755832
england_wales_demand,125,0.08673792167821699
england_wales_demand,126,0.0954048184439361
england_wales_demand,127,0.10738357811950955
england_wales_demand,128,0.1235794605056678
england_wales_demand,129,0.1449536422456096
england_wales_demand,130,0.17219606190724168
england_wales_demand,131,0.20557739872115705
england_wales_demand,132,0.244784030520724
england_wales_demand,133,0.28918738676519334
england_wales_demand,134,0.3380775575845963
england_wales_demand,135,0.3906659502456134
england_wales_demand,136,0.44614767737652394
england_wales_demand,137,0.5034329897122849
england_wales_demand,138,0.5612199083548014
england_wales_demand,139,0.6175186608924532
england_wales_demand,140,0.6700233335725915
england_wales_demand,141,0.7156780503512411
england_wales_demand,142,0.7514808545614918
england_wales_demand,143,0.7741002969422768
england_wales_demand,144,0.7810129774025213
england_wales_demand,145,0.7707287515405769
england_wales_demand,146,0.7446379270857536
england_wales_demand,147,0.7052862098668734
england_wales_demand,148,0.6561902532116576
england_wales_demand,149,0.6005106556690213
england_wales_demand,150,0.5414830693439802
england_wales_demand,151,0.4816395605855956
england_wales_demand,152,0.4231350518843264
england_wales_demand,153,0.3674369163534992
england_wales_demand,154,0.31564727875012616
england_wales_demand,155,0.26845714078209826
england_wales_demand,156,0.22641661374950275
england_wales_demand,157,0.18997764120634075
england_wales_demand,158,0.15952634874120789
england_wales_demand,159,0.13519372879517777
england_wales_demand,160,0.11654643630125698
england_wales_demand,161,0.1026808085373884
england_wales_demand,162,0.0923898424555933
england_wales_demand,163,0.08452408365391394
england_wales_demand,164,0.07807909972463416
england_wales_demand,165,0.07244249833352985
england_wales_demand,166,0.06751531076617938
england_wales_demand,167,0.0635466320115941
england_wales_demand,168,0.0609177097785265
england_wales_demand,169,0.05991268722993692
england_wales_demand,170,0.06071109738221265
england_wales_demand,171,0.06332535194985206
england_wales_demand,172,0.06774790247110457
england_wales_demand,173,0.07414566642576598
england_wales_demand,174,0.08305156027983039
england_wales_demand,175,0.09528860035740484
england_wales_demand,176,0.11175979558994924
england_wales_demand,177,0.1334063116646772
england_wales_demand,178,0.16091277088387057
england_wales_demand,179,0.1945518248480178
england_wales_demand,180,0.23400775396029633
england_wales_demand,181,0.27862829688547885
england_wales_demand,182,0.3277257213214715
england_wales_demand,183,0.380558014790617
england_wales_demand,184,0.43629885811100466
england_wales_demand,185,0.49385397309720946
england_wales_demand,186,0.551909752327681
england_wales_demand,187,0.608486150730742
england_wales_demand,188,0.6612464567863202
england_wales_demand,189,0.7071065177012694
england_wales_demand,190,0.7431075595639626
england_wales_demand,191,0.7659068912067715
england_wales_demand,192,0.7730040268714891
england_wales_demand,193,0.7629313045891174
england_wales_demand,194,0.737096974574227
england_wales_demand,195,0.6980396099450443
england_wales_demand,196,0.6492523225490681
england_wales_demand,197,0.5939105764482705
england_wales_demand,198,0.5352455557712701
england_wales_demand,199,0.4757791161539579
england_wales_demand,200,0.41766066123248174
england_wales_demand,201,0.36236698459431077
england_wales_demand,202,0.31099894064733363
england_wales_demand,203,0.2642216395095265
england_wales_demand,204,0.2226277238179049
england_wales_demand,205,0.18664332145136445
england_wales_demand,206,0.15665646648180712
england_wales_demand,207,0.13279236383552517
england_wales_demand,208,0.1146263832368361
england_wales_demand,209,0.10123539833107092
england_wales_demand,210,0.09139836016878247
england_wales_demand,211,0.08395832482552198
england_wales_demand,212,0.0779390821755936
england_wales_demand,213,0.07267567983665274
england_wales_demand,214,0.06806669917557408
england_wales_demand,215,0.06434944524279906
england_wales_demand,216,0.061929056515270434
england_wales_demand,217,0.06110858658910775
england_wales_demand,218,0.06211538888360893
england_wales_demand,219,0.06498049581779952
england_wales_demand,220,0.06972622339440103
england_wales_demand,221,0.076530981020552
england_wales_demand,222,0.08591445517412298
england_wales_demand,223,0.09868072583946959
england_wales_demand,224,0.11570618151022126
england_wales_demand,225,0.13794286911112166
england_wales_demand,226,0.1660632969654619
england_wales_demand,227,0.2003242716220901
england_wales_demand,228,0.24039280956326306
england_wales_demand,229,0.2856339020613829
england_wales_demand,230,0.3353276166018364
england_wales_demand,231,0.38876441405503626
england_wales_demand,232,0.445141820240537
england_wales_demand,233,0.5033376487466789
england_wales_demand,234,0.5620543528269383
england_wales_demand,235,0.6192934116652576
england_wales_demand,236,0.6727080590834528
england_wales_demand,237,0.7192123097669991
england_wales_demand,238,0.7558063931808955
england_wales_demand,239,0.779124979502996
england_wales_demand,240,0.7866566384775552
england_wales_demand,241,0.776957202620545
england_wales_demand,242,0.751459901852246
england_wales_demand,243,0.7127298523428917
england_wales_demand,244,0.6643188785876996
england_wales_demand,245,0.6094187318798949
england_wales_demand,246,0.5512910624255356
england_wales_demand,247,0.49245907218271906
england_wales_demand,248,0.43505899105008045
england_wales_demand,249,0.38051129135499173
england_wales_demand,250,0.3299037924718216
england_wales_demand,251,0.28391266307433477
england_wales_demand,252,0.24308301806890775
england_wales_demand,253,0.20786253480005382
england_wales_demand,254,0.17865672134945215
england_wales_demand,255,0.15558363872411282
england_wales_demand,256,0.13824845170675498
england_wales_demand,257,0.12573287361519678
england_wales_demand,258,0.11681404015276577
england_wales_demand,259,0.11031043472094508
england_wales_demand,260,0.10521879089522775
england_wales_demand,261,0.10089251186664991
england_wales_demand,262,0.09720513266660599
england_wales_demand,263,0.09436343768105185
england_wales_demand,264,0.09271130653515651
england_wales_demand,265,0.09254638258623649
england_wales_demand,266,0.09411664695787336
england_wales_demand,267,0.09750415696525667
england_wales_demand,268,0.10279876001910133
england_wales_demand,269,0.11023656750321685
england_wales_demand,270,0.12038782547368136
england_wales_demand,271,0.13408540865572272
england_wales_demand,272,0.15222584656503704
england_wales_demand,273,0.17573160406457078
england_wales_demand,274,0.20521219668748636
england_wales_demand,275,0.24089453099554214
england_wales_demand,276,0.2824149320678996
england_wales_demand,277,0.32911252846665284
england_wales_demand,278,0.3803069721667566
england_wales_demand,279,0.43527360395220666
england_wales_demand,280,0.4932463763817725
england_wales_demand,281,0.5531628213650301
england_wales_demand,282,0.6137528043572651
england_wales_demand,283,0.673018944443079
england_wales_demand,284,0.7285617378893151
england_wales_demand,285,0.7771737477265958
england_wales_demand,286,0.8156712294221063
england_wales_demand,287,0.8404150961594579
england_wales_demand,288,0.8486966687254625
england_wales_demand,289,0.8389734536737279
england_wales_demand,290,0.8127872303064506
england_wales_demand,291,0.7729480321690364
england_wales_demand,292,0.7232459307077956
england_wales_demand,293,0.6670571180705589
england_wales_demand,294,0.6077509353831497
england_wales_demand,295,0.547854602335228
england_wales_demand,296,0.48947136623476956
england_wales_demand,297,0.4340165504334181
england_wales_demand,298,0.38250733159675515
england_wales_demand,299,0.3356000963877462
england_wales_demand,300,0.29383174152858205
england_wales_demand,301,0.2576646364299099
england_wales_demand,302,0.22750465241126586
england_wales_demand,303,0.20355286966786496
england_wales_demand,304,0.18543758492220666
england_wales_demand,305,0.17227762408827238
england_wales_demand,306,0.16284596738013404
england_wales_demand,307,0.15597792126191348
england_wales_demand,308,0.15062904540735325
england_wales_demand,309,0.14617593034693346
england_wales_demand,310,0.14242629666262238
england_wales_demand,311,0.13951736119094454
england_wales_demand,312,0.13771117230748234
england_wales_demand,313,0.13728854742079963
england_wales_demand,314,0.13846841416140487
england_wales_demand,315,0.1413789497525956
england_wales_demand,316,0.14616789570229533
england_wales_demand,317,0.15313006694485737
england_wales_demand,318,0.1628794431921021
england_wales_demand,319,0.1762927301244599
england_wales_demand,320,0.19429163130926946
england_wales_demand,321,0.2177783275904404
england_wales_demand,322,0.24736926019686753
england_wales_demand,323,0.2832094508144447
england_wales_demand,324,0.3248986988880434
england_wales_demand,325,0.37172077857500346
england_wales_demand,326,0.4230237229043804
england_wales_demand,327,0.47808128600333466
england_wales_demand,328,0.536179395460292
england_wales_demand,329,0.5962748874511832
england_wales_demand,330,0.6571411828586861
england_wales_demand,331,0.7167994716890372
england_wales_demand,332,0.7728538934738993
england_wales_demand,333,0.8219986913749298
england_wales_demand,334,0.8608603733688375
england_wales_demand,335,0.8855682168954124
england_wales_demand,336,0.8931867730709592
embedded_wind_generation,0,0.07622261745268559
embedded_wind_generation,1,0.07858324815708718
embedded_wind_generation,2,0.081448353178736
embedded_wind_generation,3,0.0847705793032704
embedded_wind_generation,4,0.08835857219827058
embedded_wind_generation,5,0.0918872998159586
embedded_wind_generation,6,0.09499476857672191
embedded_wind_generation,7,0.09730455047575333
embedded_wind_generation,8,0.09848601931188
embedded_wind_generation,9,0.09826093418370545
embedded_wind_generation,10,0.09646520883211268
embedded_wind_generation,11,0.09301753387855906
embedded_wind_generation,12,0.08794168252641547
embedded_wind_generation,13,0.08132470727437889
embedded_wind_generation,14,0.0733453420200697
embedded_wind_generation,15,0.06423768562531158
embedded_wind_generation,16,0.05427590077609292
embedded_wind_generation,17,0.0437702120270068
embedded_wind_generation,18,0.03307413532129637
embedded_wind_generation,19,0.022569839922561178
embedded_wind_generation,20,0.012666081708026298
embedded_wind_generation,21,0.003712601154865251
embedded_wind_generation,22,-0.003958560415618098
embedded_wind_generation,23,-0.010111023232314598
embedded_wind_generation,24,-0.014554416925784148
embedded_wind_generation,25,-0.01720978917672188
embedded_wind_generation,26,-0.01802575326435485
embedded_wind_generation,27,-0.01703455117979729
embedded_wind_generation,28,-0.014301213908516809
embedded_wind_generation,29,-0.009965085718361182
embedded_wind_generation,30,-0.0042085119655614085
embedded_wind_generation,31,0.0027640691616131596
embedded_wind_generation,32,0.010705213543228037
embedded_wind_generation,33,0.019395376014511065
embedded_wind_generation,34,0.028587669096298212
embedded_wind_generation,35,0.038063529708558135
embedded_wind_generation,36,0.04755565161946587
embedded_wind_generation,37,0.056842486560351284
embedded_wind_generation,38,0.065666832821463
embedded_wind_generation,39,0.07384404245399415
embedded_wind_generation,40,0.08121475179862704
embedded_wind_generation,41,0.08771504068047792
embedded_wind_generation,42,0.09331844671560038
embedded_wind_generation,43,0.09806966174977438
embedded_wind_generation,44,0.10208257607619163
embedded_wind_generation,45,0.10552304380015248
embedded_wind_generation,46,0.10861528950246138
embedded_wind_generation,47,0.11158910258017164
embedded_wind_generation,48,0.11466879750736358
embedded_wind_generation,49,0.1180024697296462
embedded_wind_generation,50,0.1216852381417198
embedded_wind_generation,51,0.12568632805766572
embedded_wind_generation,52,0.12983551541413174
embedded_wind_generation,53,0.133834141168417
embedded_wind_generation,54,0.13733952679481484
embedded_wind_generation,55,0.13999207383531273
embedded_wind_generation,56,0.1414656548685502
embedded_wind_generation,57,0.14149344144046708
embedded_wind_generation,58,0.13991338274122186
embedded_wind_generation,59,0.136643129410023
embedded_wind_generation,60,0.13169930514213027
embedded_wind_generation,61,0.1251711465373371
embedded_wind_generation,62,0.11723407017410449
embedded_wind_generation,63,0.10812714843472793
embedded_wind_generation,64,0.09812964778722504
embedded_wind_generation,65,0.08755103405448927
embedded_wind_generation,66,0.07674942762899215
embedded_wind_generation,67,0.06611080379564671
embedded_wind_generation,68,0.05603747164743493
embedded_wind_generation,69,0.0468707503461597
embedded_wind_generation,70,0.038943076717129405
embedded_wind_generation,71,0.03249256300357365
embedded_wind_generation,72,0.02771526047764445
embedded_wind_generation,73,0.024693343052474247
embedded_wind_generation,74,0.023481843359159402
embedded_wind_generation,75,0.024056656274934755
embedded_wind_generation,76,0.026362697839061467
embedded_wind_generation,77,0.030268816936354772
embedded_wind_generation,78,0.03558621091211162
embedded_wind_generation,79,0.04210498852419677
embedded_wind_generation,80,0.0495814240526988
embedded_wind_generation,81,0.05779850305221701
embedded_wind_generation,82,0.066513620629814
embedded_wind_generation,83,0.07551170667925051
embedded_wind_generation,84,0.0845330015085665
embedded_wind_generation,85,0.09336022318719805
embedded_wind_generation,86,0.10172839349814487
embedded_wind_generation,87,0.10944943694237845
embedded_wind_generation,88,0.11637225633303483
embedded_wind_generation,89,0.12243619512624995
embedded_wind_generation,90,0.1276103702480128
embedded_wind_generation,91,0.13193625025414069
embedded_wind_generation,92,0.13551877304881804
embedded_wind_generation,93,0.1385209700580376
embedded_wind_generation,94,0.14117419525542385
embedded_wind_generation,95,0.14370389960141933
embedded_wind_generation,96,0.1463288624010066
embedded_wind_generation,97,0.1491924877956558
embedded_wind_generation,98,0.15239309552377894
embedded_wind_generation,99,0.15589670002261002
embedded_wind_generation,100,0.15953901680100005
embedded_wind_generation,101,0.16302673983450955
embedded_wind_generation,102,0.1660155200738465
embedded_wind_generation,103,0.16814482828498895
embedded_wind_generation,104,0.16909071956015315
embedded_wind_generation,105,0.1685919781217092
embedded_wind_generation,106,0.166488642207657
embedded_wind_generation,107,0.16270154516179075
embedded_wind_generation,108,0.15725519906649904
embedded_wind_generation,109,0.15023997321106355
embedded_wind_generation,110,0.141832535426122
embedded_wind_generation,111,0.1322670223927341
embedded_wind_generation,112,0.12181070107418565
embedded_wind_generation,113,0.11077228764962052
embedded_wind_generation,114,0.09951789106809747
embedded_wind_generation,115,0.08843920722343065
embedded_wind_generation,116,0.07794170724445819
embedded_wind_generation,117,0.06837209026038048
embedded_wind_generation,118,0.06006445917923657
embedded_wind_generation,119,0.05325975062010342
embedded_wind_generation,120,0.04815451284979911
embedded_wind_generation,121,0.04483498191640455
embedded_wind_generation,122,0.04335864346597484
embedded_wind_generation,123,0.0436985165210621
embedded_wind_generation,124,0.045795915119472334
embedded_wind_generation,125,0.04951783916429893
embedded_wind_generation,126,0.05467344879080547
embedded_wind_generation,127,0.06105218898445826
embedded_wind_generation,128,0.06841298627052352
embedded_wind_generation,129,0.07653719708936013
embedded_wind_generation,130,0.08517830577021732
embedded_wind_generation,131,0.09411782567902832
embedded_wind_generation,132,0.103088813484984
embedded_wind_generation,133,0.1118718424753249
embedded_wind_generation,134,0.1202075796031233
embedded_wind_generation,135,0.1279058951383069
embedded_wind_generation,136,0.13480621861947154
embedded_wind_generation,137,0.14084691322553206
embedded_wind_generation,138,0.1460041881686485
embedded_wind_generation,139,0.15031704523297224
embedded_wind_generation,140,0.1538937848262437
embedded_wind_generation,141,0.15689369638174216
embedded_wind_generation,142,0.15953854683225438
embedded_wind_generation,143,0.16205010516274299
embedded_wind_generation,144,0.16464229691973797
embedded_wind_generation,145,0.1674575912932887
embedded_wind_generation,146,0.17059413780141205
embedded_wind_generation,147,0.17402201317184746
embedded_wind_generation,148,0.17757369804028592
embedded_wind_generation,149,0.18095280899649993
embedded_wind_generation,150,0.18381341525992978
embedded_wind_generation,151,0.18579563799192803
embedded_wind_generation,152,0.18658002777117355
embedded_wind_generation,153,0.1859021182423246
embedded_wind_generation,154,0.18360036185847473
embedded_wind_generation,155,0.17959624468307572
embedded_wind_generation,156,0.17391194355236678
embedded_wind_generation,157,0.1666395625315602
embedded_wind_generation,158,0.15795633905275788
embedded_wind_generation,159,0.14810674259976273
embedded_wind_generation,160,0.13737241094674918
embedded_wind_generation,161,0.12606550656983517
embedded_wind_generation,162,0.11456295351553301
embedded_wind_generation,163,0.10325740199930063
embedded_wind_generation,164,0.09255687694787673
embedded_wind_generation,165,0.08280531836558952
embedded_wind_generation,166,0.07433430126221084
embedded_wind_generation,167,0.06738530234780409
embedded_wind_generation,168,0.062150706479278325
embedded_wind_generation,169,0.05871274810387608
embedded_wind_generation,170,0.05713016058204454
embedded_wind_generation,171,0.05737878005366914
embedded_wind_generation,172,0.05939051414381592
embedded_wind_generation,173,0.06302873497889355
embedded_wind_generation,174,0.06810073616895387
embedded_wind_generation,175,0.0743894957548075
embedded_wind_generation,176,0.08164156100912752
embedded_wind_generation,177,0.08963835317337046
embedded_wind_generation,178,0.09813710510174585
embedded_wind_generation,179,0.10691863516724422
embedded_wind_generation,180,0.1157161761339918
embedded_wind_generation,181,0.12430853373270424
embedded_wind_generation,182,0.13243423997996612
embedded_wind_generation,183,0.13990451383188848
embedded_wind_generation,184,0.14656047909115422
embedded_wind_generation,185,0.15234297812420686
embedded_wind_generation,186,0.15723204853095624
embedded_wind_generation,187,0.1612755822593217
embedded_wind_generation,188,0.16458382666967056
embedded_wind_generation,189,0.16731766880176654
embedded_wind_generation,190,0.16969926863902424
embedded_wind_generation,191,0.17195077983049198
embedded_wind_generation,192,0.17429779644300641
embedded_wind_generation,193,0.1768860787599567
embedded_wind_generation,194,0.17981715261026565
embedded_wind_generation,195,0.18306129101798782
embedded_wind_generation,196,0.18645411779261425
embedded_wind_generation,197,0.18969735955327666
embedded_wind_generation,198,0.19244402342952374
embedded_wind_generation,199,0.19432630269956633
embedded_wind_generation,200,0.1950127811762597
embedded_wind_generation,201,0.19423356550810242
embedded_wind_generation,202,0.19182419179687749
embedded_wind_generation,203,0.1877026713213917
embedded_wind_generation,204,0.18189209390076572
embedded_wind_generation,205,0.17448779314868904
embedded_wind_generation,206,0.1656787678607809
embedded_wind_generation,207,0.15571114980439704
embedded_wind_generation,208,0.14486456624590496
embedded_wind_generation,209,0.13345225124850882
embedded_wind_generation,210,0.1218388283232195
embedded_wind_generation,211,0.11041914296893318
embedded_wind_generation,212,0.09960308436627321
embedded_wind_generation,213,0.08973766464030661
embedded_wind_generation,214,0.08115037700690735
embedded_wind_generation,215,0.07408532443165541
embedded_wind_generation,216,0.06874253966038929
embedded_wind_generation,217,0.0652125643668837
embedded_wind_generation,218,0.0635569029725416
embedded_wind_generation,219,0.06375270577126584
embedded_wind_generation,220,0.06573645699176753
embedded_wind_generation,221,0.06936249498929199
embedded_wind_generation,222,0.07443016292044018
embedded_wind_generation,223,0.08071846959735475
embedded_wind_generation,224,0.08796315283927174
embedded_wind_generation,225,0.09594018463348675
embedded_wind_generation,226,0.10440940685543011
embedded_wind_generation,227,0.11315873539140446
embedded_wind_generation,228,0.12192899289755268
embedded_wind_generation,229,0.130502310570971
embedded_wind_generation,230,0.13861899301365072
embedded_wind_generation,231,0.14609011796725765
embedded_wind_generation,232,0.15275345440717947
embedded_wind_generation,233,0.15854702014431374
embedded_wind_generation,234,0.16344848484441762
embedded_wind_generation,235,0.16750600878651226
embedded_wind_generation,236,0.17083221804076393
embedded_wind_generation,237,0.17358869250729214
embedded_wind_generation,238,0.1760007067617304
embedded_wind_generation,239,0.17828655946530111
embedded_wind_generation,240,0.18066018124843888
embedded_wind_generation,241,0.18325422003822145
embedded_wind_generation,242,0.18615483623840345
embedded_wind_generation,243,0.18932919717599173
embedded_wind_generation,244,0.1926027339361601
embedded_wind_generation,245,0.1956764329420292
embedded_wind_generation,246,0.19819927829663253
embedded_wind_generation,247,0.19980518071400288
embedded_wind_generation,248,0.200172605186544
embedded_wind_generation,249,0.19903492045242244
embedded_wind_generation,250,0.19623977559168948
embedded_wind_generation,251,0.19171891852207731
embedded_wind_generation,252,0.1855028302254047
embedded_wind_generation,253,0.17769085091576078
embedded_wind_generation,254,0.1684668488764954
embedded_wind_generation,255,0.15807840666803127
embedded_wind_generation,256,0.1468096875458197
embedded_wind_generation,257,0.1349740771874648
embedded_wind_generation,258,0.1229411443049814
embedded_wind_generation,259,0.11110151576137071
embedded_wind_generation,260,0.0998645107982767
embedded_wind_generation,261,0.0895788737655536
embedded_wind_generation,262,0.08057965321708564
embedded_wind_generation,263,0.07311032416550906
embedded_wind_generation,264,0.06737838306237606
embedded_wind_generation,265,0.06347783304259053
embedded_wind_generation,266,0.0614679082663384
embedded_wind_generation,267,0.061322258418091455
embedded_wind_generation,268,0.06297934208376552
embedded_wind_generation,269,0.06629161828510384
embedded_wind_generation,270,0.07104998077228108
embedded_wind_generation,271,0.07703267553571644
embedded_wind_generation,272,0.08397674946866568
embedded_wind_generation,273,0.0916575543142264
embedded_wind_generation,274,0.099823855953154
embedded_wind_generation,275,0.10825687963142533
embedded_wind_generation,276,0.11669940695068134
embedded_wind_generation,277,0.12492964233623638
embedded_wind_generation,278,0.1326907711262111
embedded_wind_generation,279,0.1397967577043819
embedded_wind_generation,280,0.1460914318256423
embedded_wind_generation,281,0.15151692746380582
embedded_wind_generation,282,0.15605581071562122
embedded_wind_generation,283,0.15976019432844576
embedded_wind_generation,284,0.16274667410977933
embedded_wind_generation,285,0.1651794233655982
embedded_wind_generation,286,0.1672849162185105
embedded_wind_generation,287,0.1692857047676527
embedded_wind_generation,288,0.1713924227426799
embedded_wind_generation,289,0.17373883205183865
embedded_wind_generation,290,0.1764093030304097
embedded_wind_generation,291,0.1793691705969267
embedded_wind_generation,292,0.18245279047245028
embedded_wind_generation,293,0.18536379021127072
embedded_wind_generation,294,0.18775780002769316
embedded_wind_generation,295,0.18927523414646386
embedded_wind_generation,296,0.18960024202684164
embedded_wind_generation,297,0.1884643766378617
embedded_wind_generation,298,0.18570554304134193
embedded_wind_generation,299,0.18125002827901007
embedded_wind_generation,300,0.17512382424299303
embedded_wind_generation,301,0.16741508887571716
embedded_wind_generation,302,0.15830094082447893
embedded_wind_generation,303,0.14803011301631747
embedded_wind_generation,304,0.13688866027968247
embedded_wind_generation,305,0.12519269461422206
embedded_wind_generation,306,0.11330409065415427
embedded_wind_generation,307,0.10161438156568252
embedded_wind_generation,308,0.09053082733969538
embedded_wind_generation,309,0.08039873078180489
embedded_wind_generation,310,0.0715529788221671
embedded_wind_generation,311,0.06423663435641089
embedded_wind_generation,312,0.05865535209687447
embedded_wind_generation,313,0.05489558459700719
embedded_wind_generation,314,0.05300758625155999
embedded_wind_generation,315,0.05296059456293679
embedded_wind_generation,316,0.05469046287054715
embedded_wind_generation,317,0.05805476127120665
embedded_wind_generation,318,0.06285545782281653
embedded_wind_generation,319,0.06888037733942091
embedded_wind_generation,320,0.0758741307667783
embedded_wind_generation,321,0.08361933435490673
embedded_wind_generation,322,0.09187211773465757
embedded_wind_generation,323,0.1004131283512021
embedded_wind_generation,324,0.10898323162940847
embedded_wind_generation,325,0.1173620170429727
embedded_wind_generation,326,0.12528728170398631
embedded_wind_generation,327,0.13257168306454675
embedded_wind_generation,328,0.13905678564264976
embedded_wind_generation,329,0.14468151083670555
embedded_wind_generation,330,0.14942903280775693
embedded_wind_generation,331,0.1533437636409031
embedded_wind_generation,332,0.15654024087420795
embedded_wind_generation,333,0.15918504732789365
embedded_wind_generation,334,0.1615036742530152
embedded_wind_generation,335,0.1637190510004818
embedded_wind_generation,336,0.16604692331436782
embedded_solar_generation,0,-0.09589379773467326
embedded_solar_generation,1,-0.08530874867078295
embedded_solar_generation,2,-0.07095404377725066
embedded_solar_generation,3,-0.05219541375003869
embedded_solar_generation,4,-0.029185835273951417
embedded_solar_generation,5,-0.0028602623169092277
embedded_solar_generation,6,0.025285546234520635
embedded_solar_generation,7,0.053405970242014635
embedded_solar_generation,8,0.07950516393744439
embedded_solar_generation,9,0.10157712547303317
embedded_solar_generation,10,0.11775221669727981
embedded_solar_generation,11,0.12634389649622757
embedded_solar_generation,12,0.1259609410295963
embedded_solar_generation,13,0.11561504693420753
embedded_solar_generation,14,0.09478375071882439
embedded_solar_generation,15,0.06353545574740772
embedded_solar_generation,16,0.02253890585831369
embedded_solar_generation,17,-0.026957120922603436
embedded_solar_generation,18,-0.08320970433397867
embedded_solar_generation,19,-0.1441548321612477
embedded_solar_generation,20,-0.20758845495205372
embedded_solar_generation,21,-0.2711931639422874
embedded_solar_generation,22,-0.3327142987484271
embedded_solar_generation,23,-0.390014558231768
embedded_solar_generation,24,-0.44121837275753745
embedded_solar_generation,25,-0.4847423795348699
embedded_solar_generation,26,-0.5193345548753023
embedded_solar_generation,27,-0.5441488164309777
embedded_solar_generation,28,-0.5587865409270047
embedded_solar_generation,29,-0.5632656088232822
embedded_solar_generation,30,-0.557981377825153
embedded_solar_generation,31,-0.5436262939327082
embedded_solar_generation,32,-0.5211347288041724
embedded_solar_generation,33,-0.4916332338573692
embedded_solar_generation,34,-0.45641430427375385
embedded_solar_generation,35,-0.41693457222675184
embedded_solar_generation,36,-0.37472023253663606
embedded_solar_generation,37,-0.331286482963166
embedded_solar_generation,38,-0.28817664564959233
embedded_solar_generation,39,-0.24686967565500073
embedded_solar_generation,40,-0.20872781831960008
embedded_solar_generation,41,-0.17489892634016832
embedded_solar_generation,42,-0.14613589178994682
embedded_solar_generation,43,-0.12273467999577432
embedded_solar_generation,44,-0.10445653195434808
embedded_solar_generation,45,-0.09045865883475875
embedded_solar_generation,46,-0.07945083950644545
embedded_solar_generation,47,-0.06986359421403877
embedded_solar_generation,48,-0.06011170517216037
embedded_solar_generation,49,-0.048765248416841746
embedded_solar_generation,50,-0.034650979362550224
embedded_solar_generation,51,-0.01703903871291577
embedded_solar_generation,52,0.004045846796804053
embedded_solar_generation,53,0.027843219853698364
embedded_solar_generation,54,0.05303475432921499
embedded_solar_generation,55,0.07793739058379563
embedded_solar_generation,56,0.10071036481956232
embedded_solar_generation,57,0.11946196935223988
embedded_solar_generation,58,0.1324210553663545
embedded_solar_generation,59,0.1379880372262201
embedded_solar_generation,60,0.13483242937661868
embedded_solar_generation,61,0.1219895112425122
embedded_solar_generation,62,0.09896998634554775
embedded_solar_generation,63,0.06584592344411669
embedded_solar_generation,64,0.02328943528371664
embedded_solar_generation,65,-0.02747199032423575
embedded_solar_generation,66,-0.08472452275074104
embedded_solar_generation,67,-0.14640742056197023
embedded_solar_generation,68,-0.21033112074703017
embedded_solar_generation,69,-0.27423897874642345
embedded_solar_generation,70,-0.3359031073692339
embedded_solar_generation,71,-0.3932101965249911
embedded_solar_generation,72,-0.444308440748852
embedded_solar_generation,73,-0.4876453829768606
embedded_solar_generation,74,-0.5220006556499619
embedded_solar_generation,75,-0.5465528141821681
embedded_solar_generation,76,-0.5609055799056879
embedded_solar_generation,77,-0.5650806983548756
embedded_solar_generation,78,-0.5594989417596655
embedded_solar_generation,79,-0.5448468525802816
embedded_solar_generation,80,-0.5220617019829866
embedded_solar_generation,81,-0.4922596941663949
embedded_solar_generation,82,-0.45672138248575395
embedded_solar_generation,83,-0.4168865510238464
embedded_solar_generation,84,-0.37426946871490374
embedded_solar_generation,85,-0.3304183856073497
embedded_solar_generation,86,-0.28688243340273084
embedded_solar_generation,87,-0.24514249532341587
embedded_solar_generation,88,-0.2065698654995149
embedded_solar_generation,89,-0.17229210883289653
embedded_solar_generation,90,-0.14306993711268814
embedded_solar_generation,91,-0.11919996437135047
embedded_solar_generation,92,-0.10044812504701152
embedded_solar_generation,93,-0.08600058013863228
embedded_solar_generation,94,-0.07458727417149115
embedded_solar_generation,95,-0.06466003797407285
embedded_solar_generation,96,-0.05467819553628951
embedded_solar_generation,97,-0.043227364460358915
embedded_solar_generation,98,-0.029124214922014165
embedded_solar_generation,99,-0.011654997105270803
embedded_solar_generation,100,0.009170402182090299
embedded_solar_generation,101,0.03259652614343136
embedded_solar_generation,102,0.057318343336429406
embedded_solar_generation,103,0.08169037602376818
embedded_solar_generation,104,0.1038719180722531
embedded_solar_generation,105,0.12200440135246125
embedded_solar_generation,106,0.1343337561287957
embedded_solar_generation,107,0.13927254509910028
embedded_solar_generation,108,0.13551487485141395
embedded_solar_generation,109,0.12211050018763163
embedded_solar_generation,110,0.0985734218785611
embedded_solar_generation,111,0.06500043527637238
embedded_solar_generation,112,0.02204531339975227
embedded_solar_generation,113,-0.029031427806633005
embedded_solar_generation,114,-0.08650310036361739
embedded_solar_generation,115,-0.14832338743221957
embedded_solar_generation,116,-0.2123046187269092
embedded_solar_generation,117,-0.27620176242481215
embedded_solar_generation,118,-0.3377713037035301
embedded_solar_generation,119,-0.39492945654872835
embedded_solar_generation,120,-0.44581290756363084
embedded_solar_generation,121,-0.4888699488923943
embedded_solar_generation,122,-0.5228836552741633
embedded_solar_generation,123,-0.5470242727304512
embedded_solar_generation,124,-0.5609244201354167
embedded_solar_generation,125,-0.564608154042012
embedded_solar_generation,126,-0.5584940931623196
embedded_solar_generation,127,-0.5433017234175688
embedded_solar_generation,128,-0.5199557810928572
embedded_solar_generation,129,-0.4895881436222512
embedded_solar_generation,130,-0.45349003520037
embedded_solar_generation,131,-0.41309822163518833
embedded_solar_generation,132,-0.3699405343949643
embedded_solar_generation,133,-0.325567494496559
embedded_solar_generation,134,-0.2815620497618778
embedded_solar_generation,135,-0.2394138105855599
embedded_solar_generation,136,-0.2004824522029419
embedded_solar_generation,137,-0.16587725959820607
embedded_solar_generation,138,-0.13635308176497926
embedded_solar_generation,139,-0.1122151115848484
embedded_solar_generation,140,-0.093221574220615
embedded_solar_generation,141,-0.07856455817552396
embedded_solar_generation,142,-0.0670055155238622
embedded_solar_generation,143,-0.057015320724275294
embedded_solar_generation,144,-0.047047121183376325
embedded_solar_generation,145,-0.035687398499645064
embedded_solar_generation,146,-0.021762828094785563
embedded_solar_generation,147,-0.00456574975831974
embedded_solar_generation,148,0.01590529901122116
embedded_solar_generation,149,0.038922801306280466
embedded_solar_generation,150,0.06318868731342384
embedded_solar_generation,151,0.08708076329833826
embedded_solar_generation,152,0.10877706914986311
embedded_solar_generation,153,0.126420139118809
embedded_solar_generation,154,0.13824897830905453
embedded_solar_generation,155,0.1426861505869977
embedded_solar_generation,156,0.1384313171589504
embedded_solar_generation,157,0.12453214069176333
embedded_solar_generation,158,0.10051067058573011
embedded_solar_generation,159,0.06645979976945664
embedded_solar_generation,160,0.02305135553776627
embedded_solar_generation,161,-0.028448127684350677
embedded_solar_generation,162,-0.08629486735214864
embedded_solar_generation,163,-0.14844293120256896
embedded_solar_generation,164,-0.21270310985239868
embedded_solar_generation,165,-0.27680325127822664
embedded_solar_generation,166,-0.3385081216463212
embedded_solar_generation,167,-0.39573007370818114
embedded_solar_generation,168,-0.4466135986622115
embedded_solar_generation,169,-0.4895981945161651
embedded_solar_generation,170,-0.5234698856426594
embedded_solar_generation,171,-0.547426205058846
embedded_solar_generation,172,-0.5611007447952645
embedded_solar_generation,173,-0.5645439049036372
embedded_solar_generation,174,-0.558166346293974
embedded_solar_generation,175,-0.5426892928951411
embedded_solar_generation,176,-0.5190440741531906
embedded_solar_generation,177,-0.48836322627475914
embedded_solar_generation,178,-0.4519440874990138
embedded_solar_generation,179,-0.41124149739688237
embedded_solar_generation,180,-0.36780627182703596
embedded_solar_generation,181,-0.3232059518774514
embedded_solar_generation,182,-0.27902365267211227
embedded_solar_generation,183,-0.23675556577213422
embedded_solar_generation,184,-0.19776453996412835
embedded_solar_generation,185,-0.16316226367198777
embedded_solar_generation,186,-0.13370409362748784
embedded_solar_generation,187,-0.10966051067208783
embedded_solar_generation,188,-0.0908028573734075
embedded_solar_generation,189,-0.07630913043403324
embedded_solar_generation,190,-0.06493153081785692
embedded_solar_generation,191,-0.05513413200972813
embedded_solar_generation,192,-0.045364459546486345
embedded_solar_generation,193,-0.034209879296837636
embedded_solar_generation,194,-0.0204855183131602
embedded_solar_generation,195,-0.0034726639567650777
embedded_solar_generation,196,0.016830785160652117
embedded_solar_generation,197,0.03969458396538203
embedded_solar_generation,198,0.063823088004799
embedded_solar_generation,199,0.08755682408808052
embedded_solar_generation,200,0.10907201666922506
embedded_solar_generation,201,0.12651353518717262
embedded_solar_generation,202,0.13813966033738972
embedded_solar_generation,203,0.1423808830189925
embedded_solar_generation,204,0.1379145730182742
embedded_solar_generation,205,0.12381109262888353
embedded_solar_generation,206,0.09958859715141466
embedded_solar_generation,207,0.06534918914358268
embedded_solar_generation,208,0.02176421129657644
embedded_solar_generation,209,-0.029892938638691535
embedded_solar_generation,210,-0.0878829468937735
embedded_solar_generation,211,-0.15016036152528928
embedded_solar_generation,212,-0.2145066783648905
embedded_solar_generation,213,-0.27865295971433446
embedded_solar_generation,214,-0.34037892608457826
embedded_solar_generation,215,-0.3976067268990532
embedded_solar_generation,216,-0.4485022732840315
embedded_solar_generation,217,-0.4914950504013681
embedded_solar_generation,218,-0.525393717901258
embedded_solar_generation,219,-0.5493943068372263
embedded_solar_generation,220,-0.5631386631149737
embedded_solar_generation,221,-0.5666795459135038
embedded_solar_generation,222,-0.5604304575429606
embedded_solar_generation,223,-0.5451012380967477
embedded_solar_generation,224,-0.5216206591201221
embedded_solar_generation,225,-0.491116764162258
embedded_solar_generation,226,-0.45489360755917796
embedded_solar_generation,227,-0.4143989927632641
embedded_solar_generation,228,-0.3711595298751783
embedded_solar_generation,229,-0.326748447824038
embedded_solar_generation,230,-0.28272923388334553
embedded_solar_generation,231,-0.24059949371701664
embedded_solar_generation,232,-0.20173083588279248
embedded_solar_generation,233,-0.1672372963169634
embedded_solar_generation,234,-0.13785492618994624
embedded_solar_generation,235,-0.11385033685543217
embedded_solar_generation,236,-0.0949777346828962
embedded_solar_generation,237,-0.08041566514702243
embedded_solar_generation,238,-0.0689089737223161
embedded_solar_generation,239,-0.058925879358541856
embedded_solar_generation,240,-0.04892749816866822
embedded_solar_generation,241,-0.03750424273551955
embedded_solar_generation,242,-0.02350915471814264
embedded_solar_generation,243,-0.006254483556941768
embedded_solar_generation,244,0.014248935083599014
embedded_solar_generation,245,0.037252504310181164
embedded_solar_generation,246,0.061453248687543136
embedded_solar_generation,247,0.08521197249026848
embedded_solar_generation,248,0.10670811108650965
embedded_solar_generation,249,0.12410162639419799
embedded_solar_generation,250,0.13564858815331213
embedded_solar_generation,251,0.13979333781704595
embedded_solar_generation,252,0.1352325981448644
embedded_solar_generation,253,0.12104831040729885
embedded_solar_generation,254,0.09675871040413866
embedded_solar_generation,255,0.062463217219656676
embedded_solar_generation,256,0.018868464146724304
embedded_solar_generation,257,-0.03277363266151747
embedded_solar_generation,258,-0.09071408715473864
embedded_solar_generation,259,-0.15290920205135036
embedded_solar_generation,260,-0.21717165480956654
embedded_solar_generation,261,-0.28124692972398185
embedded_solar_generation,262,-0.34291678668920456
embedded_solar_generation,263,-0.40010032491266534
embedded_solar_generation,264,-0.450969179743452
embedded_solar_generation,265,-0.4939533522486347
embedded_solar_generation,266,-0.5278559794344684
embedded_solar_generation,267,-0.5518753470234409
embedded_solar_generation,268,-0.5656637742164371
embedded_solar_generation,269,-0.5692690735546905
embedded_solar_generation,270,-0.563096014769245
embedded_solar_generation,271,-0.5478447887550185
embedded_solar_generation,272,-0.5244580522982742
embedded_solar_generation,273,-0.49405773144977155
embedded_solar_generation,274,-0.45794429340665455
embedded_solar_generation,275,-0.417558344929036
embedded_solar_generation,276,-0.3744025096836769
embedded_solar_generation,277,-0.33003867302946316
embedded_solar_generation,278,-0.28602804982391544
embedded_solar_generation,279,-0.2438698233988467
embedded_solar_generation,280,-0.20493710641636398
embedded_solar_generation,281,-0.17036453743334878
embedded_solar_generation,282,-0.140892893971705
embedded_solar_generation,283,-0.11680346625231507
embedded_solar_generation,284,-0.09782677624402679
embedded_solar_generation,285,-0.08316492193164945
embedded_solar_generation,286,-0.07155006282933356
embedded_solar_generation,287,-0.061453209380456016
embedded_solar_generation,288,-0.05132973011269682
embedded_solar_generation,289,-0.03979443595499309
embedded_solar_generation,290,-0.02568182414268361
embedded_solar_generation,291,-0.008329593052690853
embedded_solar_generation,292,0.012231935747030805
embedded_solar_generation,293,0.0352755002174165
embedded_solar_generation,294,0.059502894398459384
embedded_solar_generation,295,0.08329568698405793
embedded_solar_generation,296,0.10482955502596135
embedded_solar_generation,297,0.1222642872330142
embedded_solar_generation,298,0.13385871070747576
embedded_solar_generation,299,0.13804561412921806
embedded_solar_generation,300,0.13351830175556523
embedded_solar_generation,301,0.11934622668337819
embedded_solar_generation,302,0.09507428061406169
embedded_solar_generation,303,0.06080636889681802
embedded_solar_generation,304,0.017225662087460392
embedded_solar_generation,305,-0.03440128616171922
embedded_solar_generation,306,-0.09234898092618245
embedded_solar_generation,307,-0.15455791725359047
embedded_solar_generation,308,-0.21883322394246418
embedded_solar_generation,309,-0.28292421099435106
embedded_solar_generation,310,-0.3446210942300542
embedded_solar_generation,311,-0.40183643532743657
embedded_solar_generation,312,-0.4527166924306348
embedded_solar_generation,313,-0.4957046049634616
embedded_solar_generation,314,-0.5295863355380057
embedded_solar_generation,315,-0.5535615459150672
embedded_solar_generation,316,-0.5672788468987773
embedded_solar_generation,317,-0.5707848279682831
embedded_solar_generation,318,-0.5644810206645335
embedded_solar_generation,319,-0.5490578598050266
embedded_solar_generation,320,-0.5254623256514224
embedded_solar_generation,321,-0.49481043227443855
embedded_solar_generation,322,-0.4584299946733841
embedded_solar_generation,323,-0.4177733813847261
embedded_solar_generation,324,-0.37435477817423163
embedded_solar_generation,325,-0.3297104780125198
embedded_solar_generation,326,-0.2854041758849041
embedded_solar_generation,327,-0.24293376351480203
embedded_solar_generation,328,-0.20366498256536378
embedded_solar_generation,329,-0.16875561521333637
embedded_solar_generation,330,-0.13899452435648693
embedded_solar_generation,331,-0.11467121762663636
embedded_solar_generation,332,-0.09555389120016995
embedded_solar_generation,333,-0.08081744122876458
embedded_solar_generation,334,-0.0691795122730702
embedded_solar_generation,335,-0.059095363628732495
embedded_solar_generation,336,-0.049005775204029586
pump_storage_pumping,0,-0.3772913998109249
pump_storage_pumping,1,-0.3756413687133598
pump_storage_pumping,2,-0.3616662780356046
pump_storage_pumping,3,-0.33242671921964656
pump_storage_pumping,4,-0.28924000825021134
pump_storage_pumping,5,-0.2335046263708488
pump_storage_pumping,6,-0.1700767031107431
pump_storage_pumping,7,-0.1026997401972772
pump_storage_pumping,8,-0.03576441777427223
pump_storage_pumping,9,0.027690444224083684
pump_storage_pumping,10,0.0846207459877208
pump_storage_pumping,11,0.13294651079809064
pump_storage_pumping,12,0.172039750912588
pump_storage_pumping,13,0.20138643397089628
pump_storage_pumping,14,0.2213189235115363
pump_storage_pumping,15,0.2324662451770149
pump_storage_pumping,16,0.2366059700835711
pump_storage_pumping,17,0.23623611755519774
pump_storage_pumping,18,0.23413045189757942
pump_storage_pumping,19,0.23307691478661355
pump_storage_pumping,20,0.23520981543943958
pump_storage_pumping,21,0.2423528397724458
pump_storage_pumping,22,0.25612053122222367
pump_storage_pumping,23,0.2765314379539068
pump_storage_pumping,24,0.30255419430544744
pump_storage_pumping,25,0.3317983630604766
pump_storage_pumping,26,0.361430106419026
pump_storage_pumping,27,0.38860742494436806
pump_storage_pumping,28,0.4106846464932396
pump_storage_pumping,29,0.42513969741133306
pump_storage_pumping,30,0.429725421387029
pump_storage_pumping,31,0.4229410799776854
pump_storage_pumping,32,0.4035569023435517
pump_storage_pumping,33,0.370941364894479
pump_storage_pumping,34,0.3251063875902599
pump_storage_pumping,35,0.26735620205059923
pump_storage_pumping,36,0.2002306796327162
pump_storage_pumping,37,0.12713305858362903
pump_storage_pumping,38,0.052597738076317145
pump_storage_pumping,39,-0.0197316869467875
pump_storage_pumping,40,-0.08709612267288223
pump_storage_pumping,41,-0.14825151373648773
pump_storage_pumping,42,-0.20228862177857407
pump_storage_pumping,43,-0.24866249419990138
pump_storage_pumping,44,-0.28716062794293096
pump_storage_pumping,45,-0.3175221035379547
pump_storage_pumping,46,-0.3399488776078888
pump_storage_pumping,47,-0.3536054708511791
pump_storage_pumping,48,-0.3578677937482417
pump_storage_pumping,49,-0.35094480175502873
pump_storage_pumping,50,-0.3322906152941071
pump_storage_pumping,51,-0.3004271278012979
pump_storage_pumping,52,-0.25650616073916643
pump_storage_pumping,53,-0.2017795877191019
pump_storage_pumping,54,-0.14050169782532168
pump_storage_pumping,55,-0.07570736280292745
pump_storage_pumping,56,-0.011469113563991775
pump_storage_pumping,57,0.04952842173514748
pump_storage_pumping,58,0.10435312162319005
pump_storage_pumping,59,0.1510588910204638
pump_storage_pumping,60,0.1889582392595885
pump_storage_pumping,61,0.21757925876343318
pump_storage_pumping,62,0.23712394802187345
pump_storage_pumping,63,0.24818322605289497
pump_storage_pumping,64,0.25228283593288703
pump_storage_pumping,65,0.25177201426279844
pump_storage_pumping,66,0.24946759795210194
pump_storage_pumping,67,0.24802765250908507
pump_storage_pumping,68,0.24960174404636964
pump_storage_pumping,69,0.25613184356035545
pump_storage_pumping,70,0.2691818897378946
pump_storage_pumping,71,0.28883230644254904
pump_storage_pumping,72,0.3140682346301184
pump_storage_pumping,73,0.3426127519680364
pump_storage_pumping,74,0.3715287026782743
pump_storage_pumping,75,0.3979444487414236
pump_storage_pumping,76,0.4192074386287765
pump_storage_pumping,77,0.43280112726030723
pump_storage_pumping,78,0.43646958066182245
pump_storage_pumping,79,0.42872477738724135
pump_storage_pumping,80,0.40851429215750645
pump_storage_pumping,81,0.3753070383201159
pump_storage_pumping,82,0.329172709442968
pump_storage_pumping,83,0.27125776301245613
pump_storage_pumping,84,0.20412079004900927
pump_storage_pumping,85,0.13116696093099756
pump_storage_pumping,86,0.05692398678866274
pump_storage_pumping,87,-0.015007629290314907
pump_storage_pumping,88,-0.08182504390814524
pump_storage_pumping,89,-0.14245836612992455
pump_storage_pumping,90,-0.19610901208170245
pump_storage_pumping,91,-0.24217595753201696
pump_storage_pumping,92,-0.28045249958070595
pump_storage_pumping,93,-0.31057289064068416
pump_storage_pumping,94,-0.3326790691481509
pump_storage_pumping,95,-0.3458026293824896
pump_storage_pumping,96,-0.3490724823804146
pump_storage_pumping,97,-0.34075978337183704
pump_storage_pumping,98,-0.3207705928427007
pump_storage_pumping,99,-0.28819770413748597
pump_storage_pumping,100,-0.24466501684268135
pump_storage_pumping,101,-0.191455189647523
pump_storage_pumping,102,-0.13246574598045863
pump_storage_pumping,103,-0.07049342326302718
pump_storage_pumping,104,-0.009450680697275839
pump_storage_pumping,105,0.04812112481304776
pump_storage_pumping,106,0.09946816069537288
pump_storage_pumping,107,0.14298343964364674
pump_storage_pumping,108,0.17812322583947077
pump_storage_pumping,109,0.20463096967296124
pump_storage_pumping,110,0.22290027717017946
pump_storage_pumping,111,0.23358346063701227
pump_storage_pumping,112,0.23804340246209074
pump_storage_pumping,113,0.2383838839985188
pump_storage_pumping,114,0.23706512685005982
pump_storage_pumping,115,0.23651555406829192
pump_storage_pumping,116,0.238803457117372
pump_storage_pumping,117,0.24587134802382343
pump_storage_pumping,118,0.2593659145605453
pump_storage_pumping,119,0.2794524705522143
pump_storage_pumping,120,0.30518584380389663
pump_storage_pumping,121,0.334282840335764
pump_storage_pumping,122,0.36378347921424703
pump_storage_pumping,123,0.3906721274850966
pump_storage_pumping,124,0.41229957702781056
pump_storage_pumping,125,0.42609944780577474
pump_storage_pumping,126,0.42981969280815036
pump_storage_pumping,127,0.4220940412955439
pump_storage_pumping,128,0.401731395020684
pump_storage_pumping,129,0.3681903155814224
pump_storage_pumping,130,0.3217108199564748
pump_storage_pumping,131,0.26355029809885483
pump_storage_pumping,132,0.19631305217469525
pump_storage_pumping,133,0.12345589029220964
pump_storage_pumping,134,0.04948735058821195
pump_storage_pumping,135,-0.021980712864468784
pump_storage_pumping,136,-0.08825035644451514
pump_storage_pumping,137,-0.14816636313146497
pump_storage_pumping,138,-0.20103268896083387
pump_storage_pumping,139,-0.24632681259538367
pump_storage_pumping,140,-0.2839778353671173
pump_storage_pumping,141,-0.31362986918799585
pump_storage_pumping,142,-0.33530468109231276
pump_storage_pumping,143,-0.34808265637015395
pump_storage_pumping,144,-0.3509952201006467
pump_storage_pumping,145,-0.34223606867167544
pump_storage_pumping,146,-0.3216890541614449
pump_storage_pumping,147,-0.288670689498836
pump_storage_pumping,148,-0.24492178506894893
pump_storage_pumping,149,-0.1916226650196193
pump_storage_pumping,150,-0.1327556852972521
pump_storage_pumping,151,-0.07111572680794875
pump_storage_pumping,152,-0.010540696630153399
pump_storage_pumping,153,0.04654012689065106
pump_storage_pumping,154,0.09745207563075678
pump_storage_pumping,155,0.14055367180362532
pump_storage_pumping,156,0.17539714238368634
pump_storage_pumping,157,0.20188294605250945
pump_storage_pumping,158,0.22025796789798532
pump_storage_pumping,159,0.23111016033573423
pump_storage_pumping,160,0.2357452399649507
pump_storage_pumping,161,0.23617151546381512
pump_storage_pumping,162,0.23487574699276365
pump_storage_pumping,163,0.23433915016703707
pump_storage_pumping,164,0.23664734622301178
pump_storage_pumping,165,0.24374222043523147
pump_storage_pumping,166,0.2571705795569338
pump_storage_pumping,167,0.2772487307625674
pump_storage_pumping,168,0.30297622894275233
pump_storage_pumping,169,0.3321743996628324
pump_storage_pumping,170,0.3617869170583443
pump_storage_pumping,171,0.3888558839988376
pump_storage_pumping,172,0.4106797621584283
pump_storage_pumping,173,0.4246667976764205
pump_storage_pumping,174,0.4286062096888249
pump_storage_pumping,175,0.42096865621111956
pump_storage_pumping,176,0.4006596791592171
pump_storage_pumping,177,0.36714427855808524
pump_storage_pumping,178,0.3205710951867423
pump_storage_pumping,179,0.26221070498189814
pump_storage_pumping,180,0.19479259618046235
pump_storage_pumping,181,0.12182494614878421
pump_storage_pumping,182,0.04786227095285252
pump_storage_pumping,183,-0.023455140333887417
pump_storage_pumping,184,-0.0895006800056261
pump_storage_pumping,185,-0.1492999673343217
pump_storage_pumping,186,-0.2021311850532261
pump_storage_pumping,187,-0.24739666225991513
pump_storage_pumping,188,-0.2849233555863102
pump_storage_pumping,189,-0.31448654211587324
pump_storage_pumping,190,-0.336065572840357
pump_storage_pumping,191,-0.3486705757488708
pump_storage_pumping,192,-0.3513101264686062
pump_storage_pumping,193,-0.34204388233525146
pump_storage_pumping,194,-0.3207475136170637
pump_storage_pumping,195,-0.28693785266806393
pump_storage_pumping,196,-0.24246697770547598
pump_storage_pumping,197,-0.188702730083295
pump_storage_pumping,198,-0.1296562941309231
pump_storage_pumping,199,-0.06799645862643514
pump_storage_pumping,200,-0.007388019099973751
pump_storage_pumping,201,0.049737544303730764
pump_storage_pumping,202,0.10078474212689499
pump_storage_pumping,203,0.14408766750212385
pump_storage_pumping,204,0.17914790154200053
pump_storage_pumping,205,0.2057546396458811
pump_storage_pumping,206,0.2241681171189998
pump_storage_pumping,207,0.23490193282752575
pump_storage_pumping,208,0.23929920657596773
pump_storage_pumping,209,0.23943368951896765
pump_storage_pumping,210,0.23779594922490543
pump_storage_pumping,211,0.23688098817660544
pump_storage_pumping,212,0.2389175298188959
pump_storage_pumping,213,0.24584132745286605
pump_storage_pumping,214,0.25916768592083145
pump_storage_pumping,215,0.2791425384225257
pump_storage_pumping,216,0.3048436825113404
pump_storage_pumping,217,0.33399311743478627
pump_storage_pumping,218,0.3636034719437536
pump_storage_pumping,219,0.39058672582076326
pump_storage_pumping,220,0.41225397920588264
pump_storage_pumping,221,0.426067741543512
pump_storage_pumping,222,0.4298070189895883
pump_storage_pumping,223,0.42193808942239763
pump_storage_pumping,224,0.4012929059761182
pump_storage_pumping,225,0.3674206276406663
pump_storage_pumping,226,0.3205289869150747
pump_storage_pumping,227,0.26185799450575614
pump_storage_pumping,228,0.1940845741291688
pump_storage_pumping,229,0.12075757733285115
pump_storage_pumping,230,0.046386139824198494
pump_storage_pumping,231,-0.025312557517026813
pump_storage_pumping,232,-0.091661281757383
pump_storage_pumping,233,-0.15161215508747966
pump_storage_pumping,234,-0.20444489680325484
pump_storage_pumping,235,-0.24972897320385853
pump_storage_pumping,236,-0.28735277399964204
pump_storage_pumping,237,-0.3170766182522373
pump_storage_pumping,238,-0.338859661988351
pump_storage_pumping,239,-0.3517161820546847
pump_storage_pumping,240,-0.3545942114245371
pump_storage_pumping,241,-0.3454004949272289
pump_storage_pumping,242,-0.32414882032009634
pump_storage_pumping,243,-0.29016282204362737
pump_storage_pumping,244,-0.24532366532597003
pump_storage_pumping,245,-0.19108752329255072
pump_storage_pumping,246,-0.1315229935489822
pump_storage_pumping,247,-0.06941307829118291
pump_storage_pumping,248,-0.008537199178196193
pump_storage_pumping,249,0.048649915520108014
pump_storage_pumping,250,0.09950002367470201
pump_storage_pumping,251,0.1423454227221814
pump_storage_pumping,252,0.1767500522457572
pump_storage_pumping,253,0.20258454702281606
pump_storage_pumping,254,0.22028723104563303
pump_storage_pumping,255,0.2304210859428426
pump_storage_pumping,256,0.23438865283138985
pump_storage_pumping,257,0.23426656150833058
pump_storage_pumping,258,0.23245251405056896
pump_storage_pumping,259,0.23140166435431556
pump_storage_pumping,260,0.23340891468986485
pump_storage_pumping,261,0.24027895478790012
pump_storage_pumping,262,0.2535825068170394
pump_storage_pumping,263,0.2737251026652004
pump_storage_pumping,264,0.29959289886295415
pump_storage_pumping,265,0.3288431314966791
pump_storage_pumping,266,0.358491040542711
pump_storage_pumping,267,0.38558590617858585
pump_storage_pumping,268,0.4074251171753531
pump_storage_pumping,269,0.42143270227060553
pump_storage_pumping,270,0.4253218613197872
pump_storage_pumping,271,0.41761350805222525
pump_storage_pumping,272,0.3970194664217101
pump_storage_pumping,273,0.36306771219281786
pump_storage_pumping,274,0.31593874614906853
pump_storage_pumping,275,0.2568933874231534
pump_storage_pumping,276,0.1886719580376034
pump_storage_pumping,277,0.11486794867003397
pump_storage_pumping,278,0.040115796464572834
pump_storage_pumping,279,-0.03197691071923478
pump_storage_pumping,280,-0.09880931332467707
pump_storage_pumping,281,-0.15928624740850278
pump_storage_pumping,282,-0.21269185629881326
pump_storage_pumping,283,-0.25860851220709524
pump_storage_pumping,284,-0.2970290021643106
pump_storage_pumping,285,-0.32784030941752634
pump_storage_pumping,286,-0.3512520206280128
pump_storage_pumping,287,-0.3664742419549141
pump_storage_pumping,288,-0.3722414058041569
pump_storage_pumping,289,-0.3660811063269525
pump_storage_pumping,290,-0.34723373257356716
pump_storage_pumping,291,-0.31431669737644125
pump_storage_pumping,292,-0.26907424251290024
pump_storage_pumping,293,-0.2132026354014414
pump_storage_pumping,294,-0.15134047753683347
pump_storage_pumping,295,-0.08672132787177954
pump_storage_pumping,296,-0.023437320060273912
pump_storage_pumping,297,0.03587102561106375
pump_storage_pumping,298,0.08847952275169353
pump_storage_pumping,299,0.13258359394521066
pump_storage_pumping,300,0.16773404799298894
pump_storage_pumping,301,0.19389709060192217
pump_storage_pumping,302,0.21147061842681214
pump_storage_pumping,303,0.2211374142349559
pump_storage_pumping,304,0.2244658121393954
pump_storage_pumping,305,0.22372031463076342
pump_storage_pumping,306,0.22157489567810731
pump_storage_pumping,307,0.22057523780751173
pump_storage_pumping,308,0.22295167623565748
pump_storage_pumping,309,0.23055971822323515
pump_storage_pumping,310,0.24496754291372264
pump_storage_pumping,311,0.26625275271007665
pump_storage_pumping,312,0.29318544291276394
pump_storage_pumping,313,0.3233877126579276
pump_storage_pumping,314,0.35385991953108287
pump_storage_pumping,315,0.38178733124999426
pump_storage_pumping,316,0.4044684239977818
pump_storage_pumping,317,0.4193780409329155
pump_storage_pumping,318,0.4241866630103733
pump_storage_pumping,319,0.41732658154134356
pump_storage_pumping,320,0.3975381457435534
pump_storage_pumping,321,0.36420581647609446
pump_storage_pumping,322,0.31731383297663773
pump_storage_pumping,323,0.25826962463882347
pump_storage_pumping,324,0.18979012533877526
pump_storage_pumping,325,0.11550043291265512
pump_storage_pumping,326,0.04012129587160235
pump_storage_pumping,327,-0.03265523690529823
pump_storage_pumping,328,-0.1001953731586002
pump_storage_pumping,329,-0.161305908604723
pump_storage_pumping,330,-0.2153643411213313
pump_storage_pumping,331,-0.2619858656723934
pump_storage_pumping,332,-0.30100037892140424
pump_storage_pumping,333,-0.3323408398146213
pump_storage_pumping,334,-0.35631160420805186
pump_storage_pumping,335,-0.37221867409535453
pump_storage_pumping,336,-0.3790804466265618
is_holiday,0,-0.07764272603409232
is_holiday,1,-0.07761861360146644
is_holiday,2,-0.07760373218873828
is_holiday,3,-0.07751825702128533
is_holiday,4,-0.07737863531749199
is_holiday,5,-0.0771868626335682
is_holiday,6,-0.07699650190909399
is_holiday,7,-0.07679732085905333
is_holiday,8,-0.07654913981480703
is_holiday,9,-0.07625954388138509
is_holiday,10,-0.075915936541881
is_holiday,11,-0.07549241343500619
is_holiday,12,-0.0749052124094085
is_holiday,13,-0.07405135322867397
is_holiday,14,-0.07288292613493193
is_holiday,15,-0.0714259449577588
is_holiday,16,-0.06974689039154536
is_holiday,17,-0.06797130517001139
is_holiday,18,-0.06622260684163572
is_holiday,19,-0.06452286318107342
is_holiday,20,-0.06294439524701713
is_holiday,21,-0.06148898208932701
is_holiday,22,-0.06006735225675211
is_holiday,23,-0.05866880109660754
is_holiday,24,-0.05732296098293335
is_holiday,25,-0.056038376974306574
is_holiday,26,-0.054807088638837896
is_holiday,27,-0.053581418744718654
is_holiday,28,-0.05235125283354022
is_holiday,29,-0.05111429433201144
is_holiday,30,-0.04985858213580708
is_holiday,31,-0.048646854808221125
is_holiday,32,-0.0473956416996172
is_holiday,33,-0.04614183092399459
is_holiday,34,-0.044906526641801336
is_holiday,35,-0.043700129024894785
is_holiday,36,-0.04252621420333239
is_holiday,37,-0.041418576346922045
is_holiday,38,-0.04035046195339428
is_holiday,39,-0.03933605608804855
is_holiday,40,-0.0384048553631619
is_holiday,41,-0.03752883362965294
is_holiday,42,-0.03671732582698444
is_holiday,43,-0.035982671037883954
is_holiday,44,-0.03534793682937671
is_holiday,45,-0.03479522116158663
is_holiday,46,-0.03430164494989589
is_holiday,47,-0.03393253159065648
is_holiday,48,-0.033595728084231974
is_holiday,49,-0.03329057437416439
is_holiday,50,-0.032986849243860285
is_holiday,51,-0.03275877303826712
is_holiday,52,-0.032549352449952225
is_holiday,53,-0.032373519424694186
is_holiday,54,-0.03219861138171606
is_holiday,55,-0.031961633152625374
is_holiday,56,-0.03174265124722898
is_holiday,57,-0.03151623958123324
is_holiday,58,-0.03130317103957103
is_holiday,59,-0.031073604976806442
is_holiday,60,-0.030892210983091892
is_holiday,61,-0.03075712813658928
is_holiday,62,-0.030606979355009015
is_holiday,63,-0.030450749035078318
is_holiday,64,-0.030299782874410933
is_holiday,65,-0.030176299048814907
is_holiday,66,-0.030049375645033488
is_holiday,67,-0.02993176155042158
is_holiday,68,-0.02982615206265514
is_holiday,69,-0.029703375272287086
is_holiday,70,-0.029565501154186134
is_holiday,71,-0.029460053756920523
is_holiday,72,-0.029358053899431094
is_holiday,73,-0.029249057041525462
is_holiday,74,-0.02912728773722637
is_holiday,75,-0.02899440317772924
is_holiday,76,-0.028830980747276365
is_holiday,77,-0.02862322867237437
is_holiday,78,-0.028403037993192652
is_holiday,79,-0.028119588976432026
is_holiday,80,-0.027799167109898708
is_holiday,81,-0.027467333336167712
is_holiday,82,-0.02713390534598005
is_holiday,83,-0.02686707089589506
is_holiday,84,-0.02665415430020442
is_holiday,85,-0.026444879485047038
is_holiday,86,-0.026250143938285335
is_holiday,87,-0.026036330337814904
is_holiday,88,-0.025805058257046404
is_holiday,89,-0.025618265711819067
is_holiday,90,-0.02546899908064812
is_holiday,91,-0.025329244881100672
is_holiday,92,-0.02520404902663014
is_holiday,93,-0.025140026064818924
is_holiday,94,-0.02508558530273523
is_holiday,95,-0.024949707492262864
is_holiday,96,-0.02480446264266912
is_holiday,97,-0.02462596128123022
is_holiday,98,-0.024443054094728002
is_holiday,99,-0.024241873447977486
is_holiday,100,-0.024069872064067913
is_holiday,101,-0.023859542620663365
is_holiday,102,-0.02364232996943148
is_holiday,103,-0.023512320705842582
is_holiday,104,-0.02339082717329812
is_holiday,105,-0.023302870496304057
is_holiday,106,-0.02320948242101111
is_holiday,107,-0.023149948841466386
is_holiday,108,-0.023068847753207496
is_holiday,109,-0.022901705659983052
is_holiday,110,-0.02269810382078921
is_holiday,111,-0.022456765536608296
is_holiday,112,-0.022204399446380592
is_holiday,113,-0.021927848341708998
is_holiday,114,-0.0216859944400745
is_holiday,115,-0.021449819263807443
is_holiday,116,-0.021244192162904952
is_holiday,117,-0.021067264577138926
is_holiday,118,-0.02091337968335184
is_holiday,119,-0.02077354765639973
is_holiday,120,-0.02066574703413074
is_holiday,121,-0.020564701739345673
is_holiday,122,-0.02048577592803886
is_holiday,123,-0.02045265003700298
is_holiday,124,-0.020447201023895467
is_holiday,125,-0.02049269014212736
is_holiday,126,-0.02055216641060939
is_holiday,127,-0.020603855435022397
is_holiday,128,-0.02065789566233506
is_holiday,129,-0.020741687893433444
is_holiday,130,-0.0208044267830344
is_holiday,131,-0.02086660875092904
is_holiday,132,-0.020878439743001635
is_holiday,133,-0.020815980005184673
is_holiday,134,-0.020723744249891984
is_holiday,135,-0.020654703743514583
is_holiday,136,-0.020596765068072714
is_holiday,137,-0.02053545948417466
is_holiday,138,-0.020440250955591224
is_holiday,139,-0.020374069183293434
is_holiday,140,-0.02032552084161294
is_holiday,141,-0.020215523234155715
is_holiday,142,-0.020111113920598427
is_holiday,143,-0.020024889500930884
is_holiday,144,-0.01995246668693124
is_holiday,145,-0.019923169705995305
is_holiday,146,-0.019897890584295867
is_holiday,147,-0.019860928669318288
is_holiday,148,-0.019805865715964575
is_holiday,149,-0.01977127306133781
is_holiday,150,-0.019735281654453
is_holiday,151,-0.019650241253835913
is_holiday,152,-0.01955505394173597
is_holiday,153,-0.019445175125969626
is_holiday,154,-0.01933666801832088
is_holiday,155,-0.019215457990488866
is_holiday,156,-0.019059710807770528
is_holiday,157,-0.018889335702073094
is_holiday,158,-0.01867970295751854
is_holiday,159,-0.018378333598986628
is_holiday,160,-0.018041692580389047
is_holiday,161,-0.01772206773529378
is_holiday,162,-0.01742561778784965
is_holiday,163,-0.017158521119910137
is_holiday,164,-0.01692425942213837
is_holiday,165,-0.016729245044726775
is_holiday,166,-0.016538688134359384
is_holiday,167,-0.016327515385524162
is_holiday,168,-0.01610069146052415
is_holiday,169,-0.01587953629255546
is_holiday,170,-0.01564660620659625
is_holiday,171,-0.015368579834991222
is_holiday,172,-0.015100009451284006
is_holiday,173,-0.014847757525901817
is_holiday,174,-0.01461633682153587
is_holiday,175,-0.014408528308986278
is_holiday,176,-0.014222261833200325
is_holiday,177,-0.014054162145581767
is_holiday,178,-0.013911650702426474
is_holiday,179,-0.013810596760665237
is_holiday,180,-0.013765925420870979
is_holiday,181,-0.01380377646821713
is_holiday,182,-0.013884496910885199
is_holiday,183,-0.013998365738731738
is_holiday,184,-0.014140874886430862
is_holiday,185,-0.014285798714192723
is_holiday,186,-0.014485256442438777
is_holiday,187,-0.014666110085471128
is_holiday,188,-0.014784993825387295
is_holiday,189,-0.014876365053638645
is_holiday,190,-0.014904365436937104
is_holiday,191,-0.014925476597156984
is_holiday,192,-0.014929362015642454
is_holiday,193,-0.014957120456861627
is_holiday,194,-0.015021155994424882
is_holiday,195,-0.015084405698676624
is_holiday,196,-0.015173651064344216
is_holiday,197,-0.015264035163791961
is_holiday,198,-0.015363782591061774
is_holiday,199,-0.015505535829013685
is_holiday,200,-0.01562926303627119
is_holiday,201,-0.015779900643658213
is_holiday,202,-0.01596458474186047
is_holiday,203,-0.016232071848719394
is_holiday,204,-0.016647149911835427
is_holiday,205,-0.017338241936855948
is_holiday,206,-0.01827777864727254
is_holiday,207,-0.01953509136723634
is_holiday,208,-0.020939875132701662
is_holiday,209,-0.02232794180917475
is_holiday,210,-0.023632516457458987
is_holiday,211,-0.024869840651881116
is_holiday,212,-0.026005471903580896
is_holiday,213,-0.027016465323508928
is_holiday,214,-0.027974751642247848
is_holiday,215,-0.028905676905799826
is_holiday,216,-0.029818197896679145
is_holiday,217,-0.030772071965519725
is_holiday,218,-0.03173140864681211
is_holiday,219,-0.03271427407102509
is_holiday,220,-0.03369263337237531
is_holiday,221,-0.03465775764876356
is_holiday,222,-0.03563672524214083
is_holiday,223,-0.03659285806104066
is_holiday,224,-0.03758111671731466
is_holiday,225,-0.03852671035744668
is_holiday,226,-0.039424291227671694
is_holiday,227,-0.040230266585986704
is_holiday,228,-0.04095797697716798
is_holiday,229,-0.04161775673538255
is_holiday,230,-0.04223750872707876
is_holiday,231,-0.04282108440233854
is_holiday,232,-0.043367248415110464
is_holiday,233,-0.0438824488527532
is_holiday,234,-0.04435839986067209
is_holiday,235,-0.04478143350223409
is_holiday,236,-0.045132037141179644
is_holiday,237,-0.04546674454688549
is_holiday,238,-0.045755292452675025
is_holiday,239,-0.045970284444860246
is_holiday,240,-0.04615343591535272
is_holiday,241,-0.046353263697192656
is_holiday,242,-0.04652151029948402
is_holiday,243,-0.04668336581115634
is_holiday,244,-0.046836665595491316
is_holiday,245,-0.047001735793077086
is_holiday,246,-0.047169634050601164
is_holiday,247,-0.04730498329666029
is_holiday,248,-0.04750065747864679
is_holiday,249,-0.04769902126921863
is_holiday,250,-0.047918348263872444
is_holiday,251,-0.04815832299915053
is_holiday,252,-0.04839962218968983
is_holiday,253,-0.04857147783378146
is_holiday,254,-0.04879850207285305
is_holiday,255,-0.04910309125816377
is_holiday,256,-0.04949704842209345
is_holiday,257,-0.05000946888112201
is_holiday,258,-0.05057607250407905
is_holiday,259,-0.0511266976176776
is_holiday,260,-0.051663416883660315
is_holiday,261,-0.052170587108114674
is_holiday,262,-0.05269700651806446
is_holiday,263,-0.05319148667349767
is_holiday,264,-0.05365797429159792
is_holiday,265,-0.05406040130085847
is_holiday,266,-0.0544226079463776
is_holiday,267,-0.05474560832044597
is_holiday,268,-0.055016760283327165
is_holiday,269,-0.05520667700983556
is_holiday,270,-0.05532137438623183
is_holiday,271,-0.05537297251618039
is_holiday,272,-0.05532798049968189
is_holiday,273,-0.05517735747060008
is_holiday,274,-0.05499494367304641
is_holiday,275,-0.05480424533774277
is_holiday,276,-0.05461294121461896
is_holiday,277,-0.054487619106896035
is_holiday,278,-0.054369338992728805
is_holiday,279,-0.0542811384076136
is_holiday,280,-0.05421689674784109
is_holiday,281,-0.054133000269483936
is_holiday,282,-0.05406158633422076
is_holiday,283,-0.05403455722515806
is_holiday,284,-0.05408939678147799
is_holiday,285,-0.05412879810052501
is_holiday,286,-0.054219645750627675
is_holiday,287,-0.054304663365850395
is_holiday,288,-0.054399125284864805
is_holiday,289,-0.05442490139593978
is_holiday,290,-0.054411718686769896
is_holiday,291,-0.054333411721681
is_holiday,292,-0.054221117520002714
is_holiday,293,-0.05411859058185546
is_holiday,294,-0.05399904160352085
is_holiday,295,-0.053895283474207294
is_holiday,296,-0.05374366406813563
is_holiday,297,-0.05354357343597326
is_holiday,298,-0.05327887016962449
is_holiday,299,-0.052853933523238014
is_holiday,300,-0.05219497811202822
is_holiday,301,-0.05111905163867035
is_holiday,302,-0.04956562307431214
is_holiday,303,-0.04754246401232815
is_holiday,304,-0.04524479423258555
is_holiday,305,-0.04289047004086079
is_holiday,306,-0.04061040345734866
is_holiday,307,-0.03844016778537834
is_holiday,308,-0.036378072675616324
is_holiday,309,-0.034460152005958665
is_holiday,310,-0.03256300422779152
is_holiday,311,-0.03071934875580267
is_holiday,312,-0.028909845034662218
is_holiday,313,-0.027108537585318254
is_holiday,314,-0.025353163426732755
is_holiday,315,-0.023606875688790444
is_holiday,316,-0.021907934951330074
is_holiday,317,-0.02028735333593364
is_holiday,318,-0.01871790827923356
is_holiday,319,-0.017226842076552413
is_holiday,320,-0.015767780612043352
is_holiday,321,-0.014419085333761966
is_holiday,322,-0.01317156205721554
is_holiday,323,-0.011984609127498514
is_holiday,324,-0.01084568075870503
is_holiday,325,-0.009726323202128169
is_holiday,326,-0.00866644412814295
is_holiday,327,-0.007617001310704209
is_holiday,328,-0.006607080867254513
is_holiday,329,-0.005695276128532284
is_holiday,330,-0.00483118806274087
is_holiday,331,-0.003974481659899023
is_holiday,332,-0.0031720187724040127
is_holiday,333,-0.0024807601762044775
is_holiday,334,-0.001894130304538083
is_holiday,335,-0.0014695684754469631
is_holiday,336,-0.0010745996775301306
is_weekend,0,-0.26552811802259124
is_weekend,1,-0.2663445886413121
is_weekend,2,-0.2669815124293136
is_weekend,3,-0.26746277080146064
is_weekend,4,-0.26781369223664714
is_weekend,5,-0.26810473046780414
is_weekend,6,-0.2683116072118241
is_weekend,7,-0.2684684003660483
is_weekend,8,-0.2685043106971335
is_weekend,9,-0.26841098631190874
is_weekend,10,-0.2681272660104359
is_weekend,11,-0.2674648081568392
is_weekend,12,-0.26608153875184676
is_weekend,13,-0.263309517537772
is_weekend,14,-0.2590638426585595
is_weekend,15,-0.2535358814243828
is_weekend,16,-0.24750982053125165
is_weekend,17,-0.24167068202237413
is_weekend,18,-0.2362598081672057
is_weekend,19,-0.23115044289536532
is_weekend,20,-0.22632916557668042
is_weekend,21,-0.22181786659979616
is_weekend,22,-0.2173836384953761
is_weekend,23,-0.21295180913584186
is_weekend,24,-0.20851646496009651
is_weekend,25,-0.2039393956899357
is_weekend,26,-0.1993320419924808
is_weekend,27,-0.19465385181397407
is_weekend,28,-0.1899203503839408
is_weekend,29,-0.18502902516855302
is_weekend,30,-0.18009323573923355
is_weekend,31,-0.1751860966927496
is_weekend,32,-0.1700276652553428
is_weekend,33,-0.16489687680758108
is_weekend,34,-0.159849310588269
is_weekend,35,-0.1550985258701441
is_weekend,36,-0.15053855108441896
is_weekend,37,-0.14613107008090617
is_weekend,38,-0.14181569938771577
is_weekend,39,-0.13750304559673104
is_weekend,40,-0.13330133000326458
is_weekend,41,-0.12929670415725777
is_weekend,42,-0.12557611469825153
is_weekend,43,-0.12220652462117104
is_weekend,44,-0.11941022770568199
is_weekend,45,-0.11710085282085457
is_weekend,46,-0.11533174923673133
is_weekend,47,-0.11385680095993923
is_weekend,48,-0.11255496681151576
is_weekend,49,-0.11119729653346172
is_weekend,50,-0.10979062525958383
is_weekend,51,-0.1082632552492336
is_weekend,52,-0.10663126242955116
is_weekend,53,-0.10489126217605706
is_weekend,54,-0.10310253493866892
is_weekend,55,-0.1012560073992316
is_weekend,56,-0.09936084425193144
is_weekend,57,-0.09735874294083978
is_weekend,58,-0.0951859549565517
is_weekend,59,-0.0926170173826439
is_weekend,60,-0.08924327475142318
is_weekend,61,-0.08415919904236296
is_weekend,62,-0.07726362199671451
is_weekend,63,-0.06860136383990964
is_weekend,64,-0.0591144782597799
is_weekend,65,-0.04961622602875839
is_weekend,66,-0.0406723472519769
is_weekend,67,-0.032330160002980064
is_weekend,68,-0.024698158206610855
is_weekend,69,-0.017814469966311256
is_weekend,70,-0.011305989084764085
is_weekend,71,-0.0051680366520605045
is_weekend,72,0.0006924986123274577
is_weekend,73,0.006364465207128838
is_weekend,74,0.011835506220919879
is_weekend,75,0.01724547655356983
is_weekend,76,0.022553836789696805
is_weekend,77,0.02775692111427499
is_weekend,78,0.032857625543367366
is_weekend,79,0.037719241545054176
is_weekend,80,0.042578534259782384
is_weekend,81,0.047165324225293515
is_weekend,82,0.05154730526339487
is_weekend,83,0.05575004480253891
is_weekend,84,0.059892727755263477
is_weekend,85,0.06402382985100405
is_weekend,86,0.06813419682775237
is_weekend,87,0.07224538850484005
is_weekend,88,0.07628981350338274
is_weekend,89,0.0801034781715487
is_weekend,90,0.08371856243832344
is_weekend,91,0.08705851071323505
is_weekend,92,0.09006554625961226
is_weekend,93,0.09270051421865994
is_weekend,94,0.09496326885467109
is_weekend,95,0.09679690045361242
is_weekend,96,0.09842924994491871
is_weekend,97,0.10002238874171791
is_weekend,98,0.10154536654857609
is_weekend,99,0.10303587678499372
is_weekend,100,0.10451393453629904
is_weekend,101,0.10594611878452218
is_weekend,102,0.10731932826913336
is_weekend,103,0.10873418370779377
is_weekend,104,0.11011307086646861
is_weekend,105,0.1114798692324834
is_weekend,106,0.11280070397849269
is_weekend,107,0.1140643504981657
is_weekend,108,0.11524089474479567
is_weekend,109,0.11642072738264209
is_weekend,110,0.1176396586538678
is_weekend,111,0.11889533624176318
is_weekend,112,0.12018862724386054
is_weekend,113,0.12138584734738928
is_weekend,114,0.12247216776423654
is_weekend,115,0.12346400419216397
is_weekend,116,0.1243925776686818
is_weekend,117,0.12526308452197904
is_weekend,118,0.12609088867502585
is_weekend,119,0.12691229022183223
is_weekend,120,0.12770641150153592
is_weekend,121,0.1284758334305143
is_weekend,122,0.12924468209206175
is_weekend,123,0.13001860210601865
is_weekend,124,0.1307428170890465
is_weekend,125,0.13143780398931654
is_weekend,126,0.13210232282725637
is_weekend,127,0.13273923258140297
is_weekend,128,0.13336286982629963
is_weekend,129,0.13394096540577777
is_weekend,130,0.13446086831691875
is_weekend,131,0.13487928282124087
is_weekend,132,0.13523248019896592
is_weekend,133,0.13557656308726526
is_weekend,134,0.13593599488527353
is_weekend,135,0.13631796650931524
is_weekend,136,0.13674322325007757
is_weekend,137,0.13722525662567114
is_weekend,138,0.1377080451829173
is_weekend,139,0.13822083282425449
is_weekend,140,0.1386998842724697
is_weekend,141,0.13913388356945225
is_weekend,142,0.13957511571607445
is_weekend,143,0.13998752033059278
is_weekend,144,0.1403577298738932
is_weekend,145,0.14072027331254125
is_weekend,146,0.1410555046569768
is_weekend,147,0.14137649398703267
is_weekend,148,0.1416977029652995
is_weekend,149,0.1419693180022032
is_weekend,150,0.14224647373325608
is_weekend,151,0.1424966586092155
is_weekend,152,0.14274930808976105
is_weekend,153,0.14302654121364988
is_weekend,154,0.14330386594055516
is_weekend,155,0.14351109500436954
is_weekend,156,0.14362644511670078
is_weekend,157,0.143651292189531
is_weekend,158,0.1436217352651164
is_weekend,159,0.14356656115054733
is_weekend,160,0.1435397270411977
is_weekend,161,0.1434931802670232
is_weekend,162,0.14341306990742853
is_weekend,163,0.14333557630156066
is_weekend,164,0.14326242262079886
is_weekend,165,0.14315452152969899
is_weekend,166,0.1430075688502163
is_weekend,167,0.14285960685967866
is_weekend,168,0.14268707159553434
is_weekend,169,0.14253133204288657
is_weekend,170,0.14238459104510715
is_weekend,171,0.14221225830945305
is_weekend,172,0.1420282389375379
is_weekend,173,0.1418556452508023
is_weekend,174,0.14165683310503027
is_weekend,175,0.14144007993166496
is_weekend,176,0.14119564954771446
is_weekend,177,0.1409105353872425
is_weekend,178,0.14059616138682995
is_weekend,179,0.14026722472164702
is_weekend,180,0.13994161983175246
is_weekend,181,0.13966111713444718
is_weekend,182,0.13941526269979357
is_weekend,183,0.13923897253300513
is_weekend,184,0.13913295080018248
is_weekend,185,0.13904014426828062
is_weekend,186,0.13902563016753883
is_weekend,187,0.13900539952134214
is_weekend,188,0.13901281390635703
is_weekend,189,0.13902506020261682
is_weekend,190,0.13909802900874305
is_weekend,191,0.13916943686751854
is_weekend,192,0.13922423425765293
is_weekend,193,0.13925964951298028
is_weekend,194,0.1392325287897648
is_weekend,195,0.13915771670919794
is_weekend,196,0.1390482332131683
is_weekend,197,0.13895406212290196
is_weekend,198,0.13887559606497982
is_weekend,199,0.1387752293910747
is_weekend,200,0.1386708877812884
is_weekend,201,0.13851251371956272
is_weekend,202,0.1383056197134049
is_weekend,203,0.13797645859013405
is_weekend,204,0.13753650721027738
is_weekend,205,0.13690230292027006
is_weekend,206,0.13610744972595148
is_weekend,207,0.13525139407659206
is_weekend,208,0.13440184102663164
is_weekend,209,0.13367577604262806
is_weekend,210,0.13298476361810524
is_weekend,211,0.1322832097006203
is_weekend,212,0.13158790952135824
is_weekend,213,0.13089641203934033
is_weekend,214,0.130145187949201
is_weekend,215,0.12931822927299116
is_weekend,216,0.12841955470279173
is_weekend,217,0.1274359189875177
is_weekend,218,0.1263699709675172
is_weekend,219,0.1251743603793263
is_weekend,220,0.12387612552517169
is_weekend,221,0.12246349708871912
is_weekend,222,0.12092873075978695
is_weekend,223,0.1192818564896193
is_weekend,224,0.11748036283024957
is_weekend,225,0.11557692705728863
is_weekend,226,0.11364948459090826
is_weekend,227,0.11180246929438063
is_weekend,228,0.10999102325941436
is_weekend,229,0.1082115032128212
is_weekend,230,0.10644116574884677
is_weekend,231,0.10462869116624038
is_weekend,232,0.10284558030476527
is_weekend,233,0.10106067541223997
is_weekend,234,0.09937803530123634
is_weekend,235,0.09781949757616783
is_weekend,236,0.09656870906266436
is_weekend,237,0.09562701579135814
is_weekend,238,0.09488793334807377
is_weekend,239,0.0941633804887105
is_weekend,240,0.09344176080458172
is_weekend,241,0.09255380599220309
is_weekend,242,0.09155551772411778
is_weekend,243,0.0904487998880142
is_weekend,244,0.08927824598106565
is_weekend,245,0.08810584112008606
is_weekend,246,0.0868868913641342
is_weekend,247,0.08560939454955206
is_weekend,248,0.084240845402645
is_weekend,249,0.08271040201928644
is_weekend,250,0.0809999727969558
is_weekend,251,0.07894388945338497
is_weekend,252,0.07622603391603143
is_weekend,253,0.07213470767664283
is_weekend,254,0.06658041272605504
is_weekend,255,0.05980666751383656
is_weekend,256,0.05257966224435502
is_weekend,257,0.04562279416677725
is_weekend,258,0.03924080050046323
is_weekend,259,0.03327357079578587
is_weekend,260,0.027667881526476066
is_weekend,261,0.02246997921406545
is_weekend,262,0.017406408256307387
is_weekend,263,0.012361104396035162
is_weekend,264,0.007342239295554149
is_weekend,265,0.002230922610664046
is_weekend,266,-0.0028939980952636603
is_weekend,267,-0.008072455619700655
is_weekend,268,-0.01327172586675494
is_weekend,269,-0.01858425314366013
is_weekend,270,-0.023928082734334902
is_weekend,271,-0.029262921712897145
is_weekend,272,-0.034850288049353056
is_weekend,273,-0.040375643689321
is_weekend,274,-0.04573872875302419
is_weekend,275,-0.05068375982883742
is_weekend,276,-0.05535957092015948
is_weekend,277,-0.059872271870419526
is_weekend,278,-0.0643344558684818
is_weekend,279,-0.06886469213915526
is_weekend,280,-0.07330570147862159
is_weekend,281,-0.07750896923492413
is_weekend,282,-0.08147096589098314
is_weekend,283,-0.08508084604712508
is_weekend,284,-0.0881224871826691
is_weekend,285,-0.09067493378655825
is_weekend,286,-0.09274506016075112
is_weekend,287,-0.094501196255887
is_weekend,288,-0.09608147412747237
is_weekend,289,-0.09771522926897613
is_weekend,290,-0.09938443289487356
is_weekend,291,-0.10113026516296668
is_weekend,292,-0.10293697061792605
is_weekend,293,-0.1048020463511755
is_weekend,294,-0.10672050058480036
is_weekend,295,-0.10868630453102923
is_weekend,296,-0.11070398728234562
is_weekend,297,-0.11281196296742359
is_weekend,298,-0.11508874318543748
is_weekend,299,-0.11770686981757032
is_weekend,300,-0.12101322511552583
is_weekend,301,-0.1257882728903028
is_weekend,302,-0.13217034251205514
is_weekend,303,-0.1402040331994622
is_weekend,304,-0.1490381479923507
is_weekend,305,-0.15790263892150924
is_weekend,306,-0.1662241528219711
is_weekend,307,-0.17388576308268727
is_weekend,308,-0.18084146426248457
is_weekend,309,-0.1870650704589777
is_weekend,310,-0.1928466589700157
is_weekend,311,-0.19823664520721218
is_weekend,312,-0.20325182297232935
is_weekend,313,-0.20798931194420792
is_weekend,314,-0.21244902343256347
is_weekend,315,-0.21673084879748158
is_weekend,316,-0.2208136388727096
is_weekend,317,-0.2247214640223868
is_weekend,318,-0.22841523773548061
is_weekend,319,-0.23176727851603413
is_weekend,320,-0.23498347470900438
is_weekend,321,-0.23782320518288275
is_weekend,322,-0.2404080450685015
is_weekend,323,-0.2428352110554298
is_weekend,324,-0.24519559031867283
is_weekend,325,-0.24758344270917637
is_weekend,326,-0.24994714750647162
is_weekend,327,-0.2522634049895493
is_weekend,328,-0.25452875945157005
is_weekend,329,-0.25654483524359845
is_weekend,330,-0.25842658189262774
is_weekend,331,-0.2601340550750072
is_weekend,332,-0.26179665890907283
is_weekend,333,-0.2633492282182188
is_weekend,334,-0.2647807381593993
is_weekend,335,-0.2658961125264262
is_weekend,336,-0.2668521158267487
